"id","session_id","category","category_tag","turn","role","text","handover","links","dead_links","timestamp"
"196","051b9467-3eee-4e4b-8574-e84b1670181f","Etablering","","1","bot","Jeg sender dig videre til en kollega, som kan tjekke status på din fiberetablering. Du får svar så snart det er muligt.","1","[]","[]","2026-02-26 20:40:01"
"195","051b9467-3eee-4e4b-8574-e84b1670181f","Etablering","","1","user","Hejsa jeg ønsker status på min fiber etablering","0","[]","[]","2026-02-26 20:40:01"
"180","260dd43d-02dc-42b3-ab1e-1a2bcac267a1","Etablering","","1","bot","ERROR: srcdoc frame ikke fundet","0","[]","[]","2026-02-26 20:39:49"
"179","260dd43d-02dc-42b3-ab1e-1a2bcac267a1","Etablering","","1","user","Hej jeg tror ikke vi har fiberboks? Følger den med?","0","[]","[]","2026-02-26 20:39:49"
"186","6cb2aa8c-763f-4cf1-8844-69642471d0c0","Etablering","","1","bot","ERROR: srcdoc frame ikke fundet","0","[]","[]","2026-02-26 20:39:55"
"185","6cb2aa8c-763f-4cf1-8844-69642471d0c0","Etablering","","1","user","Hej. Hvordan fungerer det hvis man skal have jeres internet. Vi har ikke noget stik i huset? Hvordan tilslutter man routeren?","0","[]","[]","2026-02-26 20:39:55"
"190","ae657d10-e3c7-4434-be79-46df454ec7fe","Etablering","","1","bot","<p>Det afhænger af, om installationen i din bolig allerede er klar. Hvis der ikke er behov for teknikerbesøg, går det ofte hurtigere at få internet sat op 🚀</p><p>Du kan tjekke i <a href=""https://www.hiper.dk/mit-hiper/"">Mit Hiper</a> under ""Overblik"", om der skal komme en tekniker ud på din adresse. Det står også i tidligere mails eller SMS'er fra os.</p><p>Sig til, hvis du vil vide mere om din situation 👍</p>","0","[""https://www.hiper.dk/mit-hiper/""]","[]","2026-02-26 20:39:56"
"189","ae657d10-e3c7-4434-be79-46df454ec7fe","Etablering","","1","user","kan vi få internet hurtigere hvis det er uden teknikerbesøg?","0","[]","[]","2026-02-26 20:39:56"
"208","ae657d10-e3c7-4434-be79-46df454ec7fe","Etablering","","2","bot","<p>En bolig er forberedt til fiber, hvis der sidder en indvendig fiberboks på væggen i huset. Den sidder typisk på den indvendige side af husmuren ud mod vejen, og du skal kunne sætte din router direkte i boksen ✅</p><p>Hvis du ikke har sådan en boks, kræver det som regel et teknikerbesøg. Er du i tvivl om din boligs status, kan du altid tage fat i en kollega.</p><p>Giv lyd hvis du er i tvivl om noget mere 👐</p>","1","[]","[]","2026-02-26 20:40:13"
"207","ae657d10-e3c7-4434-be79-46df454ec7fe","Etablering","","2","user","Hvordan ved jeg om min bolig allerede er forberedt til fiber?","0","[]","[]","2026-02-26 20:40:13"
"194","e4bf9776-669b-4f3d-b9c2-7102bdf91309","Etablering","","1","bot","<p>Det kommer an på fiberboksens alder og teknologi. En fiberboks skal typisk skiftes, hvis den er gammel og ikke længere understøtter den forbindelse vi leverer, eller hvis den bruger en ældre fiberteknologi, der ikke passer til den nuværende løsning. </p><p>Hvis din fiberboks er forholdsvis ny og tidligere har fungeret fint, kan du tage et billede af den og sende det til os på mail, så vi kan vurdere det nærmere.</p><p>Giv lyd hvis du har flere spørgsmål </p>","0","[]","[]","2026-02-26 20:39:58"
"193","e4bf9776-669b-4f3d-b9c2-7102bdf91309","Etablering","","1","user","Hvorfor skal fiberboksen skiftes","0","[]","[]","2026-02-26 20:39:58"
"206","e4bf9776-669b-4f3d-b9c2-7102bdf91309","Etablering","","2","bot","<p>Prisen for udskiftning af fiberboks er altid 699 kr., uanset om det polet er en ny installation eller en udskiftning af en gammel boks. Denne pris dækker både arbejdet og selve fiberboksen. Hvis du allerede har en velfungerende installation, og boksen ikke skal skiftes, skal du ikke betale ekstra. ✅</p><p>Skriv tilbage hvis du har brug for mere info </p>","0","[]","[]","2026-02-26 20:40:12"
"205","e4bf9776-669b-4f3d-b9c2-7102bdf91309","Etablering","","2","user","Hvem betaler for det? Skal jeg selv betale for den nye fiberboks?","0","[]","[]","2026-02-26 20:40:12"
"218","e4bf9776-669b-4f3d-b9c2-7102bdf91309","Etablering","","3","bot","<p>Der er ikke en fast tid på, hvor lang tid det tager at skifte fiberboksen, da det kan variere alt efter installationens type og forholdene hjemme hos dig. Typisk vil du dog opleve, at internettet vil være nede i en kort periode, mens boksen bliver skiftet. </p><p>Hvis du har brug for mere præcis info om varighed og nedetid i netop din situation, kan jeg sende dig videre til en kollega, der kan hjælpe dig med detaljerne.</p><p>Giv lyd hvis du vil det </p>","1","[]","[]","2026-02-26 20:40:27"
"217","e4bf9776-669b-4f3d-b9c2-7102bdf91309","Etablering","","3","user","Hvor lang tid tager det at skifte fiberboksen, og mister jeg internet imens?","0","[]","[]","2026-02-26 20:40:27"
"178","6935e591-7fee-45c0-8a18-b6d3bce6dc2d","Flytning/overdragelse","SALES_HANDOVER_EXPECTED","1","bot","Om du kan tage din router med til din nye adresse afhænger af, om du får samme type internetforbindelse. Hvis du fx har fiber og får fiber igen, kan du bruge samme router. Skifter du til en anden type (fx fra fiber til kabel-tv), skal du have en ny router. Jeg sender dig videre til en kollega, som kan hjælpe med flytning af abonnement og routervalg.","1","[]","[]","2026-02-26 20:39:48"
"177","6935e591-7fee-45c0-8a18-b6d3bce6dc2d","Flytning/overdragelse","SALES_HANDOVER_EXPECTED","1","user","Kan jeg tage min router med på min nye adresse?","0","[]","[]","2026-02-26 20:39:48"
"172","8082a4a7-44f5-40a3-a871-bbf2fd4873a4","Flytning/overdragelse","SALES_HANDOVER_EXPECTED","1","bot","Der er ikke et fast antal dage, du skal give besked før din flytning. Det bedste er at give os besked i god tid, da flytteprocessen kan tage lidt tid 😊

For at flytte dit abonnement, skal du sende en mail til kundeservice@hiper.dk fra din registrerede mailadresse med disse oplysninger:
<ul><li>Din nuværende adresse</li><li>Din nye adresse</li><li>Fraflytningsdato</li><li>Ønsket lukningsdato (hvis den er anderledes end fraflytningsdatoen)</li><li>Indflytningsdato</li><li>Hvilket produkt du ønsker på den nye adresse</li></ul>

Giv lyd hvis du har flere spørgsmål eller hvis du vil have hjælp af en kollega 👐","1","[]","[]","2026-02-26 20:39:40"
"171","8082a4a7-44f5-40a3-a871-bbf2fd4873a4","Flytning/overdragelse","SALES_HANDOVER_EXPECTED","1","user","Hvor lang tid før en flytning skal jeg oplyste om en flytning og den nye addresse?","0","[]","[]","2026-02-26 20:39:40"
"158","a0800d6d-dd6d-4523-82bf-47f0b08a247e","Flytning/overdragelse","SALES_HANDOVER_EXPECTED","1","bot","Jeg sender dig straks videre til en af mine kollegaer, som kan hjælpe dig med overdragelsen i forbindelse med dødsfald. Du bliver sat over nu.","1","[]","[]","2026-02-26 20:39:29"
"157","a0800d6d-dd6d-4523-82bf-47f0b08a247e","Flytning/overdragelse","SALES_HANDOVER_EXPECTED","1","user","jeg har brug for at overdrage abonnenemt i forbindelse med dødsfald","0","[]","[]","2026-02-26 20:39:29"
"184","c22c1288-ac76-41c2-85c1-43fbbc99d77b","Flytning/overdragelse","SALES_HANDOVER_EXPECTED","1","bot","Det koster som udgangspunkt ikke noget at flytte dit Hiper-abonnement til en ny adresse. Der kan dog komme en udgift, hvis det kræver et teknikerbesøg for at få internet på din nye adresse. Ellers er det kun din abonnementspris, der kan ændre sig. 😊

Giv lyd hvis du har flere spørgsmål om flytning! 🖐️","0","[]","[]","2026-02-26 20:39:55"
"183","c22c1288-ac76-41c2-85c1-43fbbc99d77b","Flytning/overdragelse","SALES_HANDOVER_EXPECTED","1","user","hej hvad koster det at flytte ardresse","0","[]","[]","2026-02-26 20:39:55"
"204","c22c1288-ac76-41c2-85c1-43fbbc99d77b","Flytning/overdragelse","SALES_HANDOVER_EXPECTED","2","bot","Prisen for et teknikerbesøg ved installation på din nye adresse er 699 kr., uanset hvor meget der skal laves. Det gælder især, hvis du skal have fiber. Hvis du har særlige ønsker til installationen, kan der komme ekstra omkostninger. 😊<br><br>Du kan følge med i dit installationsforløb og se, om der skal bestilles tekniker, i <a href=""https://www.hiper.dk/mit-hiper/"">Mit Hiper</a> under ""Overblik"".<br><br>Giv lyd hvis du har flere spørgsmål! 🖐️","0","[""https://www.hiper.dk/mit-hiper/""]","[]","2026-02-26 20:40:07"
"203","c22c1288-ac76-41c2-85c1-43fbbc99d77b","Flytning/overdragelse","SALES_HANDOVER_EXPECTED","2","user","Hvad koster teknikerbesøget, hvis der er brug for det på den nye adresse?","0","[]","[]","2026-02-26 20:40:07"
"216","c22c1288-ac76-41c2-85c1-43fbbc99d77b","Flytning/overdragelse","SALES_HANDOVER_EXPECTED","3","bot","<p>Når du flytter, oprettes der et nyt abonnement på din nye adresse, og dit gamle abonnement opsiges. Det er desværre ikke muligt at sætte abonnementet på pause i perioden mellem fraflytning og tilflytning 😊</p><p>Hvis du har særlige ønsker til datoerne, kan du oplyse både fraflytningsdato, ønsket lukningsdato og indflytningsdato, når du arrangerer flytningen. Så hjælper vi med at koordinere det bedst muligt til dig.</p><p>Giv lyd, hvis du har flere spørgsmål eller vil gå videre med flytningen! 🖐️</p>","0","[]","[]","2026-02-26 20:40:24"
"215","c22c1288-ac76-41c2-85c1-43fbbc99d77b","Flytning/overdragelse","SALES_HANDOVER_EXPECTED","3","user","Hvad sker der med mit abonnement i perioden fra jeg fraflytter til jeg tilflytter?","0","[]","[]","2026-02-26 20:40:24"
"224","c22c1288-ac76-41c2-85c1-43fbbc99d77b","Flytning/overdragelse","SALES_HANDOVER_EXPECTED","4","bot","<p>Det er desværre ikke muligt at have aktivt internet på både din gamle og nye adresse samtidig i en overgangsperiode. Når du flytter, oprettes der et nyt abonnement på den nye adresse, og dit gamle abonnement afsluttes. 😊</p><p>Hvis du har brug for en særlig løsning, kan jeg sende dig videre til en kollega, som kan rådgive om mulighederne.</p><p>Giv lyd, hvis du vil gå videre eller har flere spørgsmål! 🖐️</p>","1","[]","[]","2026-02-26 20:40:40"
"223","c22c1288-ac76-41c2-85c1-43fbbc99d77b","Flytning/overdragelse","SALES_HANDOVER_EXPECTED","4","user","Kan jeg have internet på begge adresser i en overgangsperiode?","0","[]","[]","2026-02-26 20:40:40"
"162","ccc3f5b5-a55d-4978-8091-dc3c1f04df30","Flytning/overdragelse","SALES_HANDOVER_EXPECTED","1","bot","<p>Hvis du vil ændre din adresse i forbindelse med flytning af dit internet, skal du sende en mail til kundeservice@hiper.dk fra den mail, du har registreret hos os. Mailen skal indeholde:</p><ul><li>Din nuværende adresse</li><li>Din nye adresse</li><li>Fraflytningsdato</li><li>Ønsket lukningsdato (hvis den er anderledes end fraflytningsdatoen)</li><li>Indflytningsdato</li><li>Hvilket produkt du ønsker på den nye adresse</li></ul><p>Vi opretter et nyt abonnement til din nye adresse og sørger for at opsige det gamle for dig. </p><p>Skriv tilbage, hvis du har spørgsmål til processen </p>","0","[]","[]","2026-02-26 20:39:31"
"161","ccc3f5b5-a55d-4978-8091-dc3c1f04df30","Flytning/overdragelse","SALES_HANDOVER_EXPECTED","1","user","hvordan ændrer jeg min adresse","0","[]","[]","2026-02-26 20:39:31"
"176","ccc3f5b5-a55d-4978-8091-dc3c1f04df30","Flytning/overdragelse","SALES_HANDOVER_EXPECTED","2","bot","<p>Det er desværre ikke muligt at ændre din adresse direkte i <a href=""https://www.hiper.dk/mit-hiper/"">Mit Hiper</a>. Adresseændring skal ske ved at sende en mail til kundeservice@hiper.dk med dine oplysninger. Det er den måde, vi håndterer flytning på hos Hiper. ✅</p><p>Giv lyd hvis du har flere spørgsmål!</p>","0","[""https://www.hiper.dk/mit-hiper/""]","[]","2026-02-26 20:39:43"
"175","ccc3f5b5-a55d-4978-8091-dc3c1f04df30","Flytning/overdragelse","SALES_HANDOVER_EXPECTED","2","user","Kan jeg ikke ændre adressen direkte i Mit Hiper selv?","0","[]","[]","2026-02-26 20:39:43"
"192","ccc3f5b5-a55d-4978-8091-dc3c1f04df30","Flytning/overdragelse","SALES_HANDOVER_EXPECTED","3","bot","<p>Hvis din fraflytningsdato og tilflytningsdato er den samme, er det helt fint. Du skal bare oplyse begge datoer i din mail, så koordinerer vi flytningen af dit abonnement for dig. ✅</p><p>Giv lyd hvis du har flere spørgsmål til processen! 🧠</p>","0","[]","[]","2026-02-26 20:39:57"
"191","ccc3f5b5-a55d-4978-8091-dc3c1f04df30","Flytning/overdragelse","SALES_HANDOVER_EXPECTED","3","user","Hvad nu hvis min fraflytningsdato og tilflytningsdato er den samme dag?","0","[]","[]","2026-02-26 20:39:57"
"210","ccc3f5b5-a55d-4978-8091-dc3c1f04df30","Flytning/overdragelse","SALES_HANDOVER_EXPECTED","4","bot","<p>Det kommer an på, om du skal have fiber eller kabel-tv (coax), og om der skal bruges en tekniker. Her er typiske leveringstider:</p><ul><li>Fiber: Hvis der allerede er fiber og fiberboks på adressen, tager det typisk ca. 7 dage. Skal der installeres fiberboks eller graves fiber ind, kan det tage op til 30 dage eller mere.</li><li>Kabel-tv-stik (coax): Ofte 2-3 uger, alt efter om og hvornår en tekniker skal forbi.</li></ul><p>Du kan læse mere om leveringstider på vores hjemmeside. 🧠</p><p>Hvis du skriver, hvilken teknologi du skal bruge på din nye adresse, kan jeg give et mere præcist estimat.</p><p>Giv lyd hvis du vil vide mere! ✅</p>","0","[]","[]","2026-02-26 20:40:16"
"209","ccc3f5b5-a55d-4978-8091-dc3c1f04df30","Flytning/overdragelse","SALES_HANDOVER_EXPECTED","4","user","Hvor lang tid tager det, fra I modtager mailen til flytningen er effektueret?","0","[]","[]","2026-02-26 20:40:16"
"22","0c30a9c1-4aba-4670-a0f1-dca18a7c6ec9","Hastighed","","1","bot","Øv, det er træls! Lad os kigge på det 🛠️

Der kan være flere grunde til, at du får lavere hastighed end det, dit abonnement lover:
<ul><li>Måler du via Wi-Fi, vil du typisk ikke kunne opnå den fulde hastighed. Selv på 5 GHz Wi-Fi kan du forvente omkring 200-400 Mbit. For at nå helt op på 1000 Mbit skal du måle med et netværkskabel (LAN).</li><li>Netværkskablet skal som minimum være et CAT5e kabel for at understøtte 1000 Mbit.</li><li>Din computer eller enhed skal have et netkort, der understøtter 1000 Mbit.</li><li>Hvis flere enheder bruger nettet samtidig, vil hastigheden deles mellem dem.</li><li>VPN, antivirus eller firewall kan påvirke målingen.</li></ul>
Kan du fortælle, om du måler hastigheden via kabel eller Wi-Fi? Så kan jeg guide dig endnu mere præcist 😊

Giv lyd hvis det stadig driller 👋","0","[]","[]","2026-02-26 20:36:40"
"21","0c30a9c1-4aba-4670-a0f1-dca18a7c6ec9","Hastighed","","1","user","Jeg får kun 100 mbit når mit abonnement siger jeg burde have 1000 mbit","0","[]","[]","2026-02-26 20:36:40"
"36","0c30a9c1-4aba-4670-a0f1-dca18a7c6ec9","Hastighed","","2","bot","<p>Fedt, tak for info om at du tester via kabel! 🚀 Ifølge vores erfaring kan lav hastighed via kabel ofte skyldes:</p><ul><li>Kablet er ikke mindst CAT5e – kun CAT5e eller bedre understøtter 1000 Mbit.</li><li>Din computers netkort understøtter ikke 1000 Mbit.</li><li>Der bruges VPN, antivirus eller firewall, som påvirker målingen.</li><li>Andre enheder bruger netværket samtidigt.</li></ul><p>Kan du bekræfte, om du bruger et CAT5e (eller bedre) kabel, og om din computers netkort understøtter 1000 Mbit? Hvis du allerede har tjekket det, så skriv gerne hvad du har prøvet, så vi undgår at gentage noget 🙌</p><p>Skriv tilbage hvis det ikke løser det 🖐️</p>","0","[]","[]","2026-02-26 20:36:56"
"35","0c30a9c1-4aba-4670-a0f1-dca18a7c6ec9","Hastighed","","2","user","Jeg tester nu via kabel og får stadig kun 100 mbit. Hvad er næste skridt?","0","[]","[]","2026-02-26 20:36:56"
"50","0c30a9c1-4aba-4670-a0f1-dca18a7c6ec9","Hastighed","","3","bot","Jeg sender dig videre til en teknisk kollega, som kan tjekke din forbindelse mere grundigt. Du bliver nu sat i kontakt med support 🛠️","1","[]","[]","2026-02-26 20:37:11"
"49","0c30a9c1-4aba-4670-a0f1-dca18a7c6ec9","Hastighed","","3","user","Kan I tjekke om der er fejl på min linje fra jeres side?","0","[]","[]","2026-02-26 20:37:11"
"40","455cbd4a-3fb2-454d-ad49-8405af9baba7","Hastighed","","1","bot","<p>Det kommer an på flere ting, når hastigheden er lav – bl.a. hvilken type internet du har, og hvordan du måler. 🖐️</p>
<ul>
<li>Måler du på Wi-Fi, får du sjældent fuld hastighed. Brug gerne 5GHz Wi-Fi for det bedste resultat, men fuld hastighed kræver altid kabel direkte i routeren.</li>
<li>Tester du med kabel, så tjek at det er minimum et CAT5e-kabel (til 1000 Mbit), og at din enhed kan trække den ønskede hastighed.</li>
<li>VPN, antivirus eller mange enheder på samme tid kan også trække ned.</li>
</ul>
<p>For at jeg kan hjælpe dig bedst, må jeg lige høre:</p>
<ul>
<li>Hvilket Hiper-internet har du (fiber, kabel-tv/coax eller mobilt bredbånd)?</li>
<li>Måler du via Wi-Fi eller kabel?</li>
<li>Hvilken hastighed måler du, og hvad forventer du?</li>
</ul>
<p>Så guider jeg dig videre! Giv lyd hvis det stadig driller 🙌</p>","0","[]","[]","2026-02-26 20:36:58"
"39","455cbd4a-3fb2-454d-ad49-8405af9baba7","Hastighed","","1","user","Min hastighed er lav","0","[]","[]","2026-02-26 20:36:58"
"58","455cbd4a-3fb2-454d-ad49-8405af9baba7","Hastighed","","2","bot","<p>Øv, det er træls! Lad os kigge på det 🧑‍🔧</p><ul><li>Mål hastigheden direkte med kabel fra router til computer. Brug et CAT5e-kabel eller bedre, og tjek at netværkskortet understøtter 1000 Mbit.</li><li>På Wi-Fi kan du bruge 5GHz-frekvensen, men forvent typisk 200-400 Mbit. Fuld hastighed kræver kabel.</li><li>Luk VPN, antivirus og firewall midlertidigt – de kan påvirke hastigheden.</li><li>Undgå at flere enheder bruger netværket samtidig, når du tester.</li></ul><p>Skriv tilbage hvis det stadig ikke hjælper 🙌</p>","0","[]","[]","2026-02-26 20:37:22"
"57","455cbd4a-3fb2-454d-ad49-8405af9baba7","Hastighed","","2","user","Jeg har fiber. Hvad konkret skal jeg gøre nu?","0","[]","[]","2026-02-26 20:37:22"
"76","455cbd4a-3fb2-454d-ad49-8405af9baba7","Hastighed","","3","bot","<p>Øv, det er træls! Lad os tage næste skridt 🛠️</p><ul><li>Tjek at din enhed er forbundet til den rigtige wifi-frekvens: 5 GHz giver høj hastighed tæt på routeren, mens 2.4 GHz rækker længere men er langsommere.</li><li>Du kan manuelt vælge wifi-frekvens på din enhed.</li><li>Hvis problemet fortsætter, kan du prøve at låse wifi-kanalen i routerens admin-panel (192.168.1.1 eller fiber.hiper.dk). Log ind (oplysninger står bag på routeren), gå til Network Settings &gt; Wireless, og vælg fx kanal 1, 6 eller 11 (for 2.4 GHz).</li></ul><p>Hvis du allerede har prøvet det, eller det stadig ikke hjælper, kan du fejlmelde dit internet via <a href=""https://www.hiper.dk/mit-hiper/"">Mit Hiper</a>.</p><p>Giv lyd hvis det stadig driller 🙌</p>","0","[""https://www.hiper.dk/mit-hiper/""]","[]","2026-02-26 20:37:47"
"75","455cbd4a-3fb2-454d-ad49-8405af9baba7","Hastighed","","3","user","Jeg prøvede at genstarte routeren men det hjalp ikke. Hvad er næste trin?","0","[]","[]","2026-02-26 20:37:47"
"84","455cbd4a-3fb2-454d-ad49-8405af9baba7","Hastighed","","4","bot","<p>Ja, hastighedsgarantien på fiber gælder kun, når du tester med et netværkskabel direkte fra routeren til computeren. Over Wi-Fi kan du næsten aldrig måle den fulde hastighed, så garantien dækker ikke wifi-målinger. 😊</p><p>Skriv tilbage hvis du har flere spørgsmål 👐</p>","0","[]","[]","2026-02-26 20:38:02"
"83","455cbd4a-3fb2-454d-ad49-8405af9baba7","Hastighed","","4","user","Gælder garantien på hastighed kun ved kabelforbundet test?","0","[]","[]","2026-02-26 20:38:02"
"18","7cf5c869-c8b3-47cf-aeef-75f1cb43d0f6","Hastighed","","1","bot","Øv, det er træls! Lad os kigge på det 

Der kan være flere grunde til, at du ikke oplever den hastighed, du har betalt for:
<ul>
<li>Hvis du måler hastigheden via Wi-Fi, får du sjældent den fulde hastighed. De fleste enheder kan ikke opfange så høje hastigheder trådløst. For at få mest muligt ud af dit Wi-Fi, anbefaler vi at bruge 5 GHz frekvensen – her kan du typisk forvente ca. 200-400 Mbit. For at opnå den fulde hastighed skal du bruge et kablet LAN-forbindelse.</li>
<li>Måler du via kabel, skal det være mindst et CAT5e-kabel for op til 1000 Mbit. Har du 2000 Mbit på Coax, kræver det et CAT6-kabel og brug af LAN-port 4.</li>
<li>Din enheds netværkskort kan også sætte begrænsninger. Tjek om det understøtter den ønskede hastighed.</li>
<li>Hvis flere enheder bruger nettet samtidig, vil du ikke kunne måle den fulde hastighed på én enhed.</li>
<li>VPN, antivirus eller firewall kan påvirke målingen.</li>
</ul>
For at jeg kan hjælpe dig bedst muligt: Måler du hastigheden på Wi-Fi eller kabel? Og hvilken type internet har du (fiber, coax eller mobilt bredbånd)?

Giv lyd hvis det stadig driller ","0","[]","[]","2026-02-26 20:36:35"
"17","7cf5c869-c8b3-47cf-aeef-75f1cb43d0f6","Hastighed","","1","user","Får ikke leveret den hastighed internet jeg har betalt for","0","[]","[]","2026-02-26 20:36:35"
"38","7cf5c869-c8b3-47cf-aeef-75f1cb43d0f6","Hastighed","","2","bot","<p>Det kan skyldes flere ting, når du måler lav hastighed via kabel:</p><ul><li>Hvis dit kabel ikke er mindst CAT5e (for op til 1000 Mbit) eller CAT6 (ved 2000 Mbit på Coax/LAN port 4), kan det bremse hastigheden.</li><li>Din computers netværkskort skal understøtte den fulde hastighed – tjek dette i computerens specifikationer.</li><li>Hvis flere enheder bruger nettet samtidig, vil du ikke kunne måle den fulde hastighed på én enhed.</li><li>VPN, antivirus eller firewall kan også påvirke målingen.</li></ul><p>Hvilken type internet har du hos Hiper (fiber, coax eller mobilt bredbånd)? Så kan jeg guide dig mere præcist 😊</p><p>Skriv tilbage hvis det ikke løser det 🙌</p>","0","[]","[]","2026-02-26 20:36:57"
"37","7cf5c869-c8b3-47cf-aeef-75f1cb43d0f6","Hastighed","","2","user","Jeg måler via kabel og får stadig kun halvdelen af det jeg betaler for. Hvad nu?","0","[]","[]","2026-02-26 20:36:57"
"54","7cf5c869-c8b3-47cf-aeef-75f1cb43d0f6","Hastighed","","3","bot","<p>Jeg har desværre ikke mulighed for at tjekke din linje eller se live driftsstatus fra vores side. Hvis du oplever vedvarende problemer, kan du fejlmelde din forbindelse via <a href=""https://www.hiper.dk/mit-hiper/"">Mit Hiper</a> 😊</p><p>Giv lyd hvis det stadig driller 🙌</p>","0","[""https://www.hiper.dk/mit-hiper/""]","[]","2026-02-26 20:37:17"
"53","7cf5c869-c8b3-47cf-aeef-75f1cb43d0f6","Hastighed","","3","user","Kan I se fra jeres side om der er et problem med min linje?","0","[]","[]","2026-02-26 20:37:17"
"68","7cf5c869-c8b3-47cf-aeef-75f1cb43d0f6","Hastighed","","4","bot","Hvis du ønsker et teknikerbesøg, kan jeg sætte dig i forbindelse med en kollega, som kan hjælpe med at aftale det. Jeg sender dig videre nu.","1","[]","[]","2026-02-26 20:37:36"
"67","7cf5c869-c8b3-47cf-aeef-75f1cb43d0f6","Hastighed","","4","user","Hvornår kan en tekniker komme og kigge på det?","0","[]","[]","2026-02-26 20:37:36"
"28","a8eecb42-6e5d-46e0-97a3-a614bf57ae71","Hastighed","","1","bot","Det er helt normalt ikke at måle 1000 Mbit på Wi-Fi, selvom du har en hurtig forbindelse. Her er nogle typiske årsager:<br><ul><li>De fleste enheder kan ikke opnå så høj hastighed via Wi-Fi. Med 5 GHz Wi-Fi kan du typisk forvente ca. 200-400 Mbit.</li><li>For at få fuld hastighed kræver det, at du måler med et kablet LAN-kabel direkte i routeren.</li><li>Hvis du bruger kabel, skal det være mindst et CAT5e-kabel for at understøtte 1000 Mbit/s.</li><li>Din enheds netværkskort kan også være begrænset. Tjek om det understøtter gigabit-hastigheder.</li><li>Andre enheder på netværket eller programmer som VPN, antivirus og firewall kan påvirke målingen.</li></ul>Giv lyd hvis det stadig driller 🤲","0","[]","[]","2026-02-26 20:36:45"
"27","a8eecb42-6e5d-46e0-97a3-a614bf57ae71","Hastighed","","1","user","Hvordan kan det være jeg ikke tester 1000 mbit på wifi?","0","[]","[]","2026-02-26 20:36:45"
"34","a8eecb42-6e5d-46e0-97a3-a614bf57ae71","Hastighed","","2","bot","Du er nu sat i kø til en af vores medarbejdere. Vi besvarer din henvendelse, så snart den næste er ledig. Tak for din tålmodighed 😊","1","[]","[]","2026-02-26 20:36:52"
"33","a8eecb42-6e5d-46e0-97a3-a614bf57ae71","Hastighed","","2","user","Kan jeg købe en bedre Hiper-router der understøtter WiFi 6?","0","[]","[]","2026-02-26 20:36:52"
"48","d5882252-292b-44b6-bc79-c09c2dd81988","Hastighed","","1","bot","<p>Der kan være flere ting, der gør, at du ikke får den forventede hastighed, især når du bruger egen router:</p>
<ul>
<li>Wi-Fi hastighedsmåling: De fleste enheder kan ikke opnå fuld hastighed trådløst. For bedste Wi-Fi-hastighed anbefales 5 GHz, hvor du typisk får 200-400 Mbit. Fuld hastighed kræver kablet LAN.</li>
<li>Kabeltype: For at måle 1000 Mbit/s skal du som minimum bruge et CAT5e-kabel. Til 2000 Mbit kræves CAT6-kabel og den rigtige port på routeren.</li>
<li>Netværkskort: Tjek om din enhed faktisk understøtter den ønskede hastighed.</li>
<li>Flere enheder på netværket: Hvis mange bruger nettet samtidig, påvirker det den samlede hastighed.</li>
<li>VPN, antivirus eller firewall kan påvirke resultatet.</li>
</ul>
<p>Hvis du allerede har tjekket det, må du gerne skrive hvilken teknologi (fiber, coax eller 5G) du bruger, og hvordan du måler hastigheden (kabel eller Wi-Fi). Så kan jeg guide dig mere præcist 🧠</p>
<p>Giv lyd hvis det stadig driller 👋</p>","0","[]","[]","2026-02-26 20:37:11"
"47","d5882252-292b-44b6-bc79-c09c2dd81988","Hastighed","","1","user","Jeg har problemer med min hastighed, bruger egen router.","0","[]","[]","2026-02-26 20:37:11"
"62","d5882252-292b-44b6-bc79-c09c2dd81988","Hastighed","","2","bot","<p>Her er de vigtigste krav til din router, hvis du vil udnytte den fulde hastighed:</p><ul><li>LAN-kabel: Minimum CAT5e for 1000 Mbit, minimum CAT6 for 2000 Mbit (kun LAN-port 4 på routeren kan levere 2000 Mbit).</li><li>Netværkskort: Din enhed skal understøtte 1000 Mbit/s eller højere.</li><li>Wi-Fi: 5 GHz Wi-Fi kan typisk levere 200-400 Mbit. Fuld hastighed kræver kablet LAN-forbindelse.</li><li>Routeren skal have gigabit LAN-porte (1000 Mbps eller højere).</li></ul><p>Hvis du har mange enheder på netværket, eller kører VPN, antivirus eller firewall, kan det også påvirke hastigheden 🧠</p><p>Giv lyd hvis du har brug for mere specifikke krav eller oplever problemer 👋</p>","0","[]","[]","2026-02-26 20:37:29"
"61","d5882252-292b-44b6-bc79-c09c2dd81988","Hastighed","","2","user","Hvad er kravene til min router for at den kan klare den hastighed jeg betaler for?","0","[]","[]","2026-02-26 20:37:29"
"78","d5882252-292b-44b6-bc79-c09c2dd81988","Hastighed","","3","bot","Jeg kan sætte dig i kontakt med en kollega, som kan hjælpe dig med at få en Hiper-router til test. Du bliver straks sendt videre, så du kan få hjælp til det.","1","[]","[]","2026-02-26 20:37:50"
"77","d5882252-292b-44b6-bc79-c09c2dd81988","Hastighed","","3","user","Kan jeg låne en Hiper-router for at teste om problemet er min router?","0","[]","[]","2026-02-26 20:37:50"
"100","17dad67f-1170-4999-8ae9-493d80671b2b","Offline","","1","bot","<p>Øv, det er træls! Lad os kigge på det </p><p>For at hjælpe dig bedst muligt, har jeg brug for at vide hvilken type internet du har hos os:</p><ul><li>Fiber</li><li>Kabel-tv-stik (coax)</li><li>Mobilt bredbånd (5G)</li></ul><p>Hvis du ikke lige ved det, kan du beskrive dit udstyr eller hvordan det er tilsluttet, så guider jeg dig videre derfra </p>","0","[]","[]","2026-02-26 20:38:22"
"99","17dad67f-1170-4999-8ae9-493d80671b2b","Offline","","1","user","Mit internet virker ikke.","0","[]","[]","2026-02-26 20:38:22"
"118","17dad67f-1170-4999-8ae9-493d80671b2b","Offline","","2","bot","<p>Perfekt, så tager vi fejlsøgning på fiber </p><ul><li>Tjek at netværkskablet sidder korrekt i routerens blå WAN-port og fiberboksens aktive LAN-port.</li><li>Sørg for, at fiberboksen har strøm.</li><li>Nulstil både router (hold reset-knappen inde i 20 sekunder) og fiberboks (tryk reset-hullet i bunden i 20 sekunder, mens den er tændt).</li><li>Tjek for eventuelle driftsproblemer på <a href=""https://drift.hiper.dk"">driftsiden</a>.</li></ul><p>Du kan finde flere detaljer og fejlmelde dit internet via <a href=""https://www.hiper.dk/mit-hiper/"">Mit Hiper</a>.</p><p>Giv lyd hvis det stadig driller </p>","0","[""https://drift.hiper.dk"",""https://www.hiper.dk/mit-hiper/""]","[]","2026-02-26 20:38:39"
"117","17dad67f-1170-4999-8ae9-493d80671b2b","Offline","","2","user","Jeg har fiber. Hvad er næste skridt?","0","[]","[]","2026-02-26 20:38:39"
"132","17dad67f-1170-4999-8ae9-493d80671b2b","Offline","","3","bot","<p>Øv, det er træls! Lad os kigge på det </p><p>Da genstart af routeren ikke hjalp, kan du prøve følgende trin:</p><ul><li>Tjek at netværkskablet sidder korrekt i routerens blå WAN-port og i fiberboksens LAN-port.</li><li>Sørg for, at fiberboksen har strøm.</li><li>Nulstil både router (hold reset-knappen inde i 20 sekunder) og fiberboksen (tryk reset-hullet i bunden i 20 sekunder, mens den er tændt).</li><li>Tjek for eventuelle driftsproblemer på <a href=""https://drift.hiper.dk"">driftsiden</a>.</li></ul><p>Hvis det stadig ikke løser problemet, kan du fejlmelde dit internet via <a href=""https://www.hiper.dk/mit-hiper/"">Mit Hiper</a>.</p><p>Giv lyd hvis det stadig driller </p>","0","[""https://drift.hiper.dk"",""https://www.hiper.dk/mit-hiper/""]","[]","2026-02-26 20:38:54"
"131","17dad67f-1170-4999-8ae9-493d80671b2b","Offline","","3","user","Routeren er genstartet men der sker ingenting. Hvad gør jeg?","0","[]","[]","2026-02-26 20:38:54"
"146","17dad67f-1170-4999-8ae9-493d80671b2b","Offline","","4","bot","<p>Øv, det er træls! Lad os kigge på det </p><p>Hvis fiberboksen lyser grønt og routeren stadig lyser rødt efter genstart og fejlsøgning, tyder det på et problem, der kræver ekstra hjælp.</p><p>Du kan fejlmelde dit internet via <a href=""https://www.hiper.dk/mit-hiper/"">Mit Hiper</a>, så en af mine kollegaer kan undersøge det nærmere.</p><p>Giv lyd hvis du har brug for hjælp til at fejlmelde </p>","1","[""https://www.hiper.dk/mit-hiper/""]","[]","2026-02-26 20:39:09"
"145","17dad67f-1170-4999-8ae9-493d80671b2b","Offline","","4","user","Fiberboksen lyser grønt men routeren lyser rødt. Hvad betyder det?","0","[]","[]","2026-02-26 20:39:09"
"108","62204be7-666c-4cba-90dd-1d7e38ff3d67","Offline","","1","bot","<p>For at kunne hjælpe dig bedst muligt, vil jeg gerne vide hvilken type internet du har hos os:</p><ul><li>Fiber (fibernet)</li><li>Kabel-tv-stik (coax)</li><li>Mobilt bredbånd (5G-router med SIM-kort)</li></ul><p>Ved du hvilken løsning du har? Så kan jeg guide dig videre ud fra det. 🙌</p><p>Giv lyd hvis du er i tvivl, så finder vi ud af det sammen!</p>","0","[]","[]","2026-02-26 20:38:31"
"107","62204be7-666c-4cba-90dd-1d7e38ff3d67","Offline","","1","user","Vores internet virker ikke idag?","0","[]","[]","2026-02-26 20:38:31"
"122","62204be7-666c-4cba-90dd-1d7e38ff3d67","Offline","","2","bot","<p>Øv, det er træls! Lad os kigge på det 🛠️</p><ul><li>Sørg for, at netværkskablet sidder korrekt i routerens blå WAN-port og i fiberboksens aktive LAN-port.</li><li>Tjek at fiberboksen har strøm.</li><li>Nulstil udstyret:<ul><li>Router: Hold reset-knappen inde i 20 sekunder (bemærk: ændringer nulstilles).</li><li>Fiberboks: Tryk reset-hullet i bunden i 20 sekunder, mens den er tændt.</li></ul></li><li>Tjek for eventuelle driftsproblemer på <a href=""https://drift.hiper.dk"">driftsiden</a>.</li></ul><p>Du kan også finde mere hjælp eller fejlmelde forbindelsen via <a href=""https://www.hiper.dk/mit-hiper/"">Mit Hiper</a> eller læse trin-for-trin vejledning her: <a href=""https://www.hiper.dk/hjaelp/internet-og-wifi/offline"">hjælpeside om offline internet</a>.</p><p>Giv lyd hvis det stadig driller 👍</p>","0","[""https://drift.hiper.dk"",""https://www.hiper.dk/mit-hiper/"",""https://www.hiper.dk/hjaelp/internet-og-wifi/offline""]","[""https://www.hiper.dk/hjaelp/internet-og-wifi/offline""]","2026-02-26 20:38:47"
"121","62204be7-666c-4cba-90dd-1d7e38ff3d67","Offline","","2","user","Vi har fiber. Hvad skal vi tjekke?","0","[]","[]","2026-02-26 20:38:47"
"138","62204be7-666c-4cba-90dd-1d7e38ff3d67","Offline","","3","bot","<p>Øv, det lyder ikke godt! Når alle lys på fiberboksen er slukket, betyder det som regel, at fiberboksen ikke får strøm. Tjek derfor om strømforsyningen til fiberboksen er sat korrekt i, og om stikkontakten virker 🛠️</p><p>Hvis fiberboksen stadig ikke tænder, efter du har tjekket strømmen, så sig endelig til – så hjælper jeg dig videre. Giv lyd hvis det stadig driller 🙌</p>","0","[]","[]","2026-02-26 20:39:02"
"137","62204be7-666c-4cba-90dd-1d7e38ff3d67","Offline","","3","user","Alle lysene på fiberboksen er slukket. Hvad betyder det?","0","[]","[]","2026-02-26 20:39:02"
"150","62204be7-666c-4cba-90dd-1d7e38ff3d67","Offline","","4","bot","<p>Øv, det er træls! Lad os kigge på det 🛠️</p><p>Da hverken genstart af router eller fiberboks har hjulpet, anbefaler vi at du fejlmelder forbindelsen via <a href=""https://www.hiper.dk/mit-hiper/"">Mit Hiper</a>. Her kan du beskrive problemet, så vores teknikere kan undersøge det nærmere.</p><p>Skriv tilbage hvis det ikke løser det 🙌</p>","0","[""https://www.hiper.dk/mit-hiper/""]","[]","2026-02-26 20:39:17"
"149","62204be7-666c-4cba-90dd-1d7e38ff3d67","Offline","","4","user","Routeren og fiberboksen er genstartet men intet er sket. Hvad gør vi?","0","[]","[]","2026-02-26 20:39:17"
"144","84aaeb37-691f-40ea-b195-b90ad008b7ea","Offline","","1","bot","<p>Øv, det er træls! Lad os kigge på det 🛠️</p><p>Hvis du allerede har gennemgået alle anvisninger, anbefaler jeg, at du fejlmelder dit internet via <a href=""https://www.hiper.dk/mit-hiper/"">Mit Hiper</a>. Så bliver det håndteret hurtigst muligt.</p><p>Giv lyd, hvis du har brug for mere hjælp, eller hvis du vil kobles til en af mine kollegaer 🤲</p>","1","[""https://www.hiper.dk/mit-hiper/""]","[]","2026-02-26 20:39:08"
"143","84aaeb37-691f-40ea-b195-b90ad008b7ea","Offline","","1","user","Mit internet virker ikke og jeg har fulgt alle anvisninger","0","[]","[]","2026-02-26 20:39:08"
"134","8e44f3f9-9c77-4233-867e-386bbb1ef287","Offline","","1","bot","<p>Øv, det er træls! Lad os kigge på det 🛠️</p><p>Det lyder til, at din router ikke er aktiveret – det er typisk derfor, du ser en skærm, hvor du skal indtaste kontonummer og aktiveringskode. Løsningen er at følge aktiveringsguiden i din velkomstmail fra Hiper.</p><p>Hvis du ikke kan finde din velkomstmail, eller hvis aktiveringen ikke virker, kan jeg sende dig videre til en kollega, som kan hjælpe dig med at få aktiveret din forbindelse.</p><p>Giv lyd hvis det stadig driller 🙌</p>","1","[]","[]","2026-02-26 20:38:55"
"133","8e44f3f9-9c77-4233-867e-386bbb1ef287","Offline","","1","user","Mit internet er stoppet med at virke. Hvis jeg prøver at logge på får jeg en skærm hvis jeg skal indtatse konto nr. og aktiveringskode","0","[]","[]","2026-02-26 20:38:55"
"112","8fcd047e-4473-41f2-bb80-5b4720fbd2b4","Offline","","1","bot","Øv, det er træls! Lad os kigge på det 🛠️<br><br>Hvis fibernettet ikke virker og globus lyser rød på routeren, så prøv gerne følgende:<ul><li>Tjek at netværkskablet sidder rigtigt: Det skal sidde i routerens blå WAN-port og fiberboksens aktive LAN-port.</li><li>Sørg for at fiberboksen har strøm.</li><li>Nulstil udstyret: Hold reset-knappen på routeren inde i 20 sekunder. Tryk reset-hullet i bunden af fiberboksen i 20 sekunder, mens den er tændt.</li><li>Se om der er kendte problemer på <a href=""https://drift.hiper.dk"">driftsiden</a>.</li></ul>Du kan også se flere detaljer og fejlmelde dit internet i <a href=""https://www.hiper.dk/mit-hiper/"">Mit Hiper</a>.<br><br>Giv lyd hvis det stadig driller ✋","0","[""https://drift.hiper.dk"",""https://www.hiper.dk/mit-hiper/""]","[]","2026-02-26 20:38:34"
"111","8fcd047e-4473-41f2-bb80-5b4720fbd2b4","Offline","","1","user","Mit fibernet virker ikke. Globus lyser rød","0","[]","[]","2026-02-26 20:38:34"
"124","8fcd047e-4473-41f2-bb80-5b4720fbd2b4","Offline","","2","bot","Da du allerede har prøvet alle fejlsøgningstrin og globus stadig lyser rød, sender jeg dig videre til en kollega, som kan hjælpe dig videre med sagen.","1","[]","[]","2026-02-26 20:38:48"
"123","8fcd047e-4473-41f2-bb80-5b4720fbd2b4","Offline","","2","user","Jeg har tjekket alt og det sidder som det skal. Globus lyser stadig rød. Hvad nu?","0","[]","[]","2026-02-26 20:38:48"
"156","1dcbd750-7ce8-4ef5-8732-d7e0455dedfa","Regning","","1","bot","<p>Det kan godt virke forvirrende – første regning dækker de første to måneder, så når næste betaling bliver trukket, dækker den kun den tredje måned. Det er altså ikke en dobbeltbetaling for november 😊</p><p>Skriv tilbage hvis du stadig synes, det ser forkert ud, eller har spørgsmål </p>","0","[]","[]","2026-02-26 20:39:28"
"155","1dcbd750-7ce8-4ef5-8732-d7e0455dedfa","Regning","","1","user","I har trukket for mange penge. Vi har betalt for november måned i vores første regning men i har nu trukket for november måned (igen)","0","[]","[]","2026-02-26 20:39:28"
"174","1dcbd750-7ce8-4ef5-8732-d7e0455dedfa","Regning","","2","bot","Øv, det er træls! Jeg sender dig videre til en af mine kollegaer i support, som kan tjekke din regningshistorik nærmere.","1","[]","[]","2026-02-26 20:39:42"
"173","1dcbd750-7ce8-4ef5-8732-d7e0455dedfa","Regning","","2","user","Det er ikke vores første regning – vi har betalt til jer i 14 måneder","0","[]","[]","2026-02-26 20:39:42"
"160","80a7accb-c9f2-4450-8e80-c590ecea6e10","Regning","","1","bot","<p>Det skyldes, at din første regning typisk dækker mere end én måned. Du betaler for:</p><ul><li>Fra den dag dit internet bliver aktiveret og resten af måneden</li><li>Den følgende måned</li><li>Eventuel oprettelse, udstyr eller teknikerbesøg</li></ul><p>Fx hvis dit internet blev aktiveret den 15. marts, så dækker din første regning perioden 15. marts – 30. april. Derefter får du en ny regning den 1. april for maj.</p><p>Du kan altid tjekke præcis, hvad din regning dækker i <a href=""https://www.hiper.dk/mit-hiper/"">Mit Hiper</a> </p><p>Giv lyd hvis du stadig er i tvivl </p>","0","[""https://www.hiper.dk/mit-hiper/""]","[]","2026-02-26 20:39:29"
"159","80a7accb-c9f2-4450-8e80-c590ecea6e10","Regning","","1","user","Mit abonnement koster 99,- hvorfor har jeg betalt næsten 200kr på min første regning?","0","[]","[]","2026-02-26 20:39:29"
"164","80a7accb-c9f2-4450-8e80-c590ecea6e10","Regning","","2","bot","Du er nu sat i kø til en af vores medarbejdere. Vi besvarer din henvendelse, så snart den næste er ledig. Tak for din tålmodighed 😊","1","[]","[]","2026-02-26 20:39:35"
"163","80a7accb-c9f2-4450-8e80-c590ecea6e10","Regning","","2","user","Hvad koster oprettelsen præcist? Det fremgår ikke klart af mit velkomstbrev","0","[]","[]","2026-02-26 20:39:35"
"148","a108c696-4bc5-4c4a-9bb0-5b760c258ea1","Regning","","1","bot","Det kan vi sagtens kigge på! Jeg sender dig videre til en kollega, som kan hjælpe dig med at finde en løsning på betalingen. 📝","1","[]","[]","2026-02-26 20:39:16"
"147","a108c696-4bc5-4c4a-9bb0-5b760c258ea1","Regning","","1","user","Mit kort er spærret, kan jeg få lov at betale om 2 uger?","0","[]","[]","2026-02-26 20:39:16"
"152","b85eb386-6a2d-4d69-b715-b24f80a356e8","Regning","","1","bot","<p>Du kan tilføje dit nye betalingskort ved at logge ind på <a href=""https://www.hiper.dk/mit-hiper/"">Mit Hiper</a>. Gå til ""Betaling"" og indtast dine nye kortoplysninger &#x2714;</p><p>Har du flere abonnementer, så husk at tilføje kortet til hvert enkelt. Du kan vælge imellem dem øverst til venstre, hvor din adresse og kundenummer står.</p><p>Giv lyd hvis det stadig driller &#x1F91D;</p>","0","[""https://www.hiper.dk/mit-hiper/""]","[]","2026-02-26 20:39:23"
"151","b85eb386-6a2d-4d69-b715-b24f80a356e8","Regning","","1","user","Jeg har fået nyt kort, hvordan kan jeg tilmelde det?","0","[]","[]","2026-02-26 20:39:23"
"168","b85eb386-6a2d-4d69-b715-b24f80a356e8","Regning","","2","bot","<p>Øv, det er træls! Lad os kigge på det &#x1F9F7;</p><p>Hvis dit nye kort ikke bliver accepteret i <a href=""https://www.hiper.dk/mit-hiper/"">Mit Hiper</a>, kan du tjekke følgende:</p><ul><li>Er der dækning på kortet, og er det aktivt?</li><li>Er kortet tilføjet til alle dine abonnementer, hvis du har flere?</li></ul><p>Giv lyd hvis det stadig driller, så sender jeg dig videre til en kollega, der kan hjælpe &#x1F91D;</p>","1","[""https://www.hiper.dk/mit-hiper/""]","[]","2026-02-26 20:39:39"
"167","b85eb386-6a2d-4d69-b715-b24f80a356e8","Regning","","2","user","Mit Hiper accepterer ikke mit nye kort. Hvad kan jeg gøre?","0","[]","[]","2026-02-26 20:39:39"
"166","d32b3846-94da-495c-9bba-29cb387e7aa5","Regning","","1","bot","Øv, det lyder træls! Jeg sender dig videre til en kollega, som kan kigge nærmere på din regning.","1","[]","[]","2026-02-26 20:39:35"
"165","d32b3846-94da-495c-9bba-29cb387e7aa5","Regning","","1","user","Hej, i har trukket for meget i december","0","[]","[]","2026-02-26 20:39:35"
"154","e75c24d0-2ce5-4d49-b113-7319b5d252c5","Regning","","1","bot","<p>Det skyldes, at din første regning hos Hiper dækker de første to måneder af dit abonnement. Din næste regning kommer den 1. i den efterfølgende måned og dækker derfor den tredje måned. Det kan derfor godt føles som om, du skal betale igen hurtigt efter oprettelse, men det skyldes denne struktur. 😊</p><p>Giv lyd hvis du har flere spørgsmål til din regning 🖐️</p>","0","[]","[]","2026-02-26 20:39:25"
"153","e75c24d0-2ce5-4d49-b113-7319b5d252c5","Regning","","1","user","Hvorfor skal jeg allerede betale igen, når jeg har betalt en måned forud?","0","[]","[]","2026-02-26 20:39:25"
"170","e75c24d0-2ce5-4d49-b113-7319b5d252c5","Regning","","2","bot","<p>Ja, du kan se alle dine betalinger og regninger samlet i <a href=""https://www.hiper.dk/mit-hiper/"">Mit Hiper</a>. Her får du et fuldt overblik over dine regninger, tilgodehavende og kommende betalinger. 🧾</p><p>Giv lyd hvis du mangler noget eller har spørgsmål til en specifik betaling 🤲</p>","0","[""https://www.hiper.dk/mit-hiper/""]","[]","2026-02-26 20:39:39"
"169","e75c24d0-2ce5-4d49-b113-7319b5d252c5","Regning","","2","user","Kan jeg se alle mine betalinger samlet et sted?","0","[]","[]","2026-02-26 20:39:39"
"182","e75c24d0-2ce5-4d49-b113-7319b5d252c5","Regning","","3","bot","<p>Det er ikke muligt at skifte til faktura hos Hiper. Vi tilbyder kun automatisk kortbetaling (f.eks. Dankort, Visa eller Mastercard), og du kan ikke betale via faktura, PBS eller bankoverførsel. 🧾</p><p>Giv lyd hvis du har flere spørgsmål til betaling 🤲</p>","0","[]","[]","2026-02-26 20:39:51"
"181","e75c24d0-2ce5-4d49-b113-7319b5d252c5","Regning","","3","user","Kan jeg skifte til at modtage en faktura i stedet for automatisk betaling?","0","[]","[]","2026-02-26 20:39:51"
"202","e75c24d0-2ce5-4d49-b113-7319b5d252c5","Regning","","4","bot","<p>Hvis betalingen fejler én gang, forsøger vi automatisk at trække beløbet igen. Hvis betalingen stadig ikke går igennem, kan du risikere at modtage op til 2 rykkergebyrer. Hvis du for eksempel har mistet eller spærret dit kort, er det en god idé at opdatere dine kortoplysninger hurtigt, så du undgår rykkere. 😊</p><p>Skriv tilbage hvis du har flere spørgsmål til betaling eller regninger 🖐️</p>","0","[]","[]","2026-02-26 20:40:06"
"201","e75c24d0-2ce5-4d49-b113-7319b5d252c5","Regning","","4","user","Hvad sker der hvis betalingen fejler én gang?","0","[]","[]","2026-02-26 20:40:06"
"12","01e99bd6-201c-4a3b-8b0a-9160f6b87a85","SBBU","SALES_HANDOVER_EXPECTED","1","bot","<p>Hvis du er ny Hiper-kunde og har bestilt fibernet eller internet via kabel-tv-stikket, kan vi godt hjælpe med at opsige dit abonnement hos Yousee. Det kræver bare, at du udfylder en fuldmagt med dine oplysninger – den finder du i <a href=""https://www.hiper.dk/mit-hiper/"">Mit Hiper</a>. Når du har udfyldt den, sørger vi for resten og holder dig opdateret undervejs ✅</p><p>Hvis du har bestilt 5G-internet hos Hiper, skal du selv opsige dit abonnement hos Yousee.</p><p>Spørg endelig, hvis du er i tvivl om noget, eller hvis du vil have hjælp til at udfylde fuldmagten 🙌</p><p>Giv lyd hvis du mangler mere info!</p>","0","[""https://www.hiper.dk/mit-hiper/""]","[]","2026-02-26 20:36:26"
"11","01e99bd6-201c-4a3b-8b0a-9160f6b87a85","SBBU","SALES_HANDOVER_EXPECTED","1","user","Sørger I for opsigelse af min nuværende udbyder (Yousee)","0","[]","[]","2026-02-26 20:36:26"
"30","01e99bd6-201c-4a3b-8b0a-9160f6b87a85","SBBU","SALES_HANDOVER_EXPECTED","2","bot","<p>Du finder fuldmagten i <a href=""https://www.hiper.dk/mit-hiper/"">Mit Hiper</a> ✅</p><p>Her skal du udfylde:</p><ul><li>Dit navn og adresse</li><li>Kundenummer hos din nuværende udbyder (f.eks. Yousee)</li><li>Den dato, du ønsker abonnementet opsagt</li></ul><p>Du kan finde oplysningerne på din seneste faktura fra Yousee.</p><p>Giv lyd hvis du har brug for mere hjælp 🙌</p>","0","[""https://www.hiper.dk/mit-hiper/""]","[]","2026-02-26 20:36:49"
"29","01e99bd6-201c-4a3b-8b0a-9160f6b87a85","SBBU","SALES_HANDOVER_EXPECTED","2","user","Jeg har fiber. Hvad skal jeg udfylde i fuldmagten og hvor finder jeg den?","0","[]","[]","2026-02-26 20:36:49"
"46","01e99bd6-201c-4a3b-8b0a-9160f6b87a85","SBBU","SALES_HANDOVER_EXPECTED","3","bot","<p>Det afhænger af opsigelsesvarslet hos Yousee og din nuværende aftale. Når du udfylder fuldmagten, forsøger vi at tage højde for varslet, så opsigelsen matcher bedst muligt. Der kan dog være situationer, hvor abonnementerne overlapper lidt, afhængigt af Yousees regler ✅</p><p>Hvis du har ønsker til opsigelsesdato, kan du selv angive det på fuldmagten. Skriv tilbage hvis du har brug for mere info </p>","0","[]","[]","2026-02-26 20:37:10"
"45","01e99bd6-201c-4a3b-8b0a-9160f6b87a85","SBBU","SALES_HANDOVER_EXPECTED","3","user","Overholder Hiper opsigelsesvarslet hos Yousee automatisk?","0","[]","[]","2026-02-26 20:37:10"
"64","01e99bd6-201c-4a3b-8b0a-9160f6b87a85","SBBU","SALES_HANDOVER_EXPECTED","4","bot","<p>Hvis Yousee ikke accepterer opsigelsen via fuldmagt, skyldes det typisk, at oplysningerne ikke matcher deres system. Du kan så indsende en ny fuldmagt via <a href=""https://www.hiper.dk/mit-hiper/"">Mit Hiper</a> eller sende os en kopi af din seneste faktura fra Yousee, så hjælper vi med at udfylde en ny for dig ✅</p><p>Du får besked, når fuldmagten er behandlet. Giv lyd hvis du har brug for hjælp til processen </p>","0","[""https://www.hiper.dk/mit-hiper/""]","[]","2026-02-26 20:37:29"
"63","01e99bd6-201c-4a3b-8b0a-9160f6b87a85","SBBU","SALES_HANDOVER_EXPECTED","4","user","Hvad sker der hvis Yousee ikke vil acceptere opsigelsen via fuldmagt?","0","[]","[]","2026-02-26 20:37:29"
"16","1dc1b399-b5e3-4fd6-a4f3-d1c694485b73","SBBU","SALES_HANDOVER_EXPECTED","1","bot","<p>Det kommer an på hvilken type abonnement du har, og om vi har modtaget en fuldmagt fra dig. Selve opsigelsen af dit gamle abonnement håndteres af en kollega, så jeg sender dig videre til en, der kan tjekke status for dig. 📨</p>","1","[]","[]","2026-02-26 20:36:27"
"15","1dc1b399-b5e3-4fd6-a4f3-d1c694485b73","SBBU","SALES_HANDOVER_EXPECTED","1","user","Har i opsagt mit gamle abonnement som vi aftalte i telefonen sidst jeg talte med jer","0","[]","[]","2026-02-26 20:36:27"
"14","de7b78a0-da17-4eb5-912e-b7cac00bf384","SBBU","SALES_HANDOVER_EXPECTED","1","bot","<p>Du kan indsende fuldmagten via <a href=""https://www.hiper.dk/mit-hiper/"">Mit Hiper</a>. Formularen til fuldmagt finder du der, og den skal indeholde:</p><ul><li>Dit navn og adresse</li><li>Kundenummer hos din nuværende udbyder</li><li>Den dato, du ønsker abonnementet opsagt</li></ul><p>Du kan finde de nødvendige oplysninger på din seneste faktura fra udbyderen. Når du har udfyldt fuldmagten, sender vi den automatisk videre 🚀</p><p>Giv lyd hvis det stadig driller 🙌</p>","0","[""https://www.hiper.dk/mit-hiper/""]","[]","2026-02-26 20:36:27"
"13","de7b78a0-da17-4eb5-912e-b7cac00bf384","SBBU","SALES_HANDOVER_EXPECTED","1","user","Hvordan insender jeg fuldtmagt til jer med i at gerne må opsige min gamle udbyder?","0","[]","[]","2026-02-26 20:36:27"
"26","de7b78a0-da17-4eb5-912e-b7cac00bf384","SBBU","SALES_HANDOVER_EXPECTED","2","bot","Det er ikke altid tydeligt, hvor fuldmagtsformularen er i <a href=""https://www.hiper.dk/mit-hiper/"">Mit Hiper</a>, og selve processen kræver hjælp fra en kollega. Jeg sætter dig i forbindelse med en, som kan hjælpe dig videre med opsigelsen og fuldmagten.","1","[""https://www.hiper.dk/mit-hiper/""]","[]","2026-02-26 20:36:43"
"25","de7b78a0-da17-4eb5-912e-b7cac00bf384","SBBU","SALES_HANDOVER_EXPECTED","2","user","Jeg kan ikke finde fuldmagten i Mit Hiper. Hvor er den præcist?","0","[]","[]","2026-02-26 20:36:43"
"2","e65da0f7-0e2b-4e75-92c5-d4475a33ee08","SBBU","SALES_HANDOVER_EXPECTED","1","bot","ERROR: srcdoc frame ikke fundet","0","[]","[]","2026-02-26 20:36:04"
"1","e65da0f7-0e2b-4e75-92c5-d4475a33ee08","SBBU","SALES_HANDOVER_EXPECTED","1","user","Opsiger Hiper min nuværende internetudbyder?","0","[]","[]","2026-02-26 20:36:04"
"70","1822ca8a-fc86-4e98-b499-0aec7b6d22c9","Support øvrige","","1","bot","<p>Betonvægge og flere etager kan gøre det sværere for wifi-signalet at nå rundt, fordi tunge materialer blokerer signalet. Her er nogle tips til at få bedre dækning:</p><ul><li>Placer routeren så centralt og højt som muligt.</li><li>Overvej et wifi-mesh-system eller en extender. Mesh-enheder kan placeres der, hvor du har brug for ekstra signal, og de kan lejes hos Hiper.</li></ul><p>Giv lyd, hvis du vil høre mere om mesh eller vil have hjælp til at bestille </p>","0","[]","[]","2026-02-26 20:37:39"
"69","1822ca8a-fc86-4e98-b499-0aec7b6d22c9","Support øvrige","","1","user","Hvordan skal jeg forholde mig, hvis der er betonvægge i min bolig, og der er to etager?","0","[]","[]","2026-02-26 20:37:39"
"82","1822ca8a-fc86-4e98-b499-0aec7b6d22c9","Support øvrige","","2","bot","<p>Vi tilbyder mesh-enheder, som du kan leje for 19 kr. stykket. Mesh-systemet kan gøre en stor forskel for wifi-dækningen i boliger med betonvægge og flere etager, fordi du kan placere enhederne der, hvor signalet er svagt 😊</p><p>Vi anbefaler mesh som løsning, men nævner ikke specifikke mærker eller modeller. Hvis du vil leje mesh-enheder gennem Hiper, kan jeg sende dig videre til en kollega, der hjælper med bestillingen.</p><p>Skriv gerne tilbage, hvis du vil vide mere eller få hjælp til at bestille </p>","1","[]","[]","2026-02-26 20:38:01"
"81","1822ca8a-fc86-4e98-b499-0aec7b6d22c9","Support øvrige","","2","user","Hvilke mesh-systemer anbefaler I, og sælger I dem selv?","0","[]","[]","2026-02-26 20:38:01"
"52","51c3ea4d-fb39-40f9-8ecf-a4ebce82c95c","Support øvrige","","1","bot","Du er nu sat i kø til en af vores medarbejdere. Vi besvarer din henvendelse, så snart den næste er ledig. Tak for din tålmodighed 😊","1","[]","[]","2026-02-26 20:37:15"
"51","51c3ea4d-fb39-40f9-8ecf-a4ebce82c95c","Support øvrige","","1","user","Kan jeg købe et længere kabel mellem fiberbox og router","0","[]","[]","2026-02-26 20:37:15"
"60","c4e9e2f6-5c2d-44a1-b8b3-f79c8f189db9","Support øvrige","","1","bot","<p>Ja, du kan godt koble et mesh-system til det modem (router), du har bestilt til kabel-tv-stik:</p><ul><li>Du kan tilslutte mesh-systemet som extender direkte til Hiper-routeren med et LAN-kabel, og derefter slukke for routerens wifi, så du kun bruger mesh-systemets wifi.</li><li>Du kan også vælge at sætte Hiper-routeren i bridge mode og tilslutte dit mesh-system som primær router. Se guiden her: <a href=""https://www.hiper.dk/hjaelp/udstyr/bridge-mode"">Guide til bridge mode</a></li></ul><p>Giv lyd hvis du har brug for mere hjælp til opsætningen 🏠</p>","0","[""https://www.hiper.dk/hjaelp/udstyr/bridge-mode""]","[""https://www.hiper.dk/hjaelp/udstyr/bridge-mode""]","2026-02-26 20:37:28"
"59","c4e9e2f6-5c2d-44a1-b8b3-f79c8f189db9","Support øvrige","","1","user","Kan man koble en mesh på det modem jeg har bestilt som er fra kabel?","0","[]","[]","2026-02-26 20:37:28"
"74","c4e9e2f6-5c2d-44a1-b8b3-f79c8f189db9","Support øvrige","","2","bot","<p>Det er normalt, at du kan miste internetforbindelsen kortvarigt, når du sætter routeren i bridge mode og den genstarter. Der står dog ikke noget præcist om det i vores guide.</p><p>Du kan se den officielle vejledning her: <a href=""https://www.hiper.dk/hjaelp/udstyr/bridge-mode"">Guide til bridge mode</a> 🧠</p><p>Skriv tilbage hvis du har flere spørgsmål 🙌</p>","0","[""https://www.hiper.dk/hjaelp/udstyr/bridge-mode""]","[""https://www.hiper.dk/hjaelp/udstyr/bridge-mode""]","2026-02-26 20:37:47"
"73","c4e9e2f6-5c2d-44a1-b8b3-f79c8f189db9","Support øvrige","","2","user","Mister jeg internet under opsætning af bridge mode?","0","[]","[]","2026-02-26 20:37:47"
"92","c4e9e2f6-5c2d-44a1-b8b3-f79c8f189db9","Support øvrige","","3","bot","<p>Det kommer an på, hvad du ønsker 😊</p><ul><li><b>Bridge mode:</b> Mesh-systemet får direkte adgang til internet og styrer hele netværket. Fordele: Bedre ydeevne og du undgår double NAT. Ulempe: Du kan ikke bruge Hiper-routerens wifi eller interface.</li><li><b>Tilslutning via LAN-port:</b> Mesh-systemet fungerer som extender, Hiper-routeren styrer stadig netværket. Det er nemmere, men du kan opleve double NAT og ikke helt optimal performance.</li></ul><p>Hvis du vil have bedst performance og undgå double NAT, anbefaler vi bridge mode. <a href=""https://www.hiper.dk/hjaelp/udstyr/bridge-mode"">Se guide til bridge mode</a> 🧠</p><p>Giv lyd hvis du har flere spørgsmål 🙌</p>","0","[""https://www.hiper.dk/hjaelp/udstyr/bridge-mode""]","[""https://www.hiper.dk/hjaelp/udstyr/bridge-mode""]","2026-02-26 20:38:10"
"91","c4e9e2f6-5c2d-44a1-b8b3-f79c8f189db9","Support øvrige","","3","user","Hvad er bedst: mesh i bridge mode eller tilsluttet routerens LAN-port?","0","[]","[]","2026-02-26 20:38:10"
"106","c4e9e2f6-5c2d-44a1-b8b3-f79c8f189db9","Support øvrige","","4","bot","<p>Vi anbefaler ikke bestemte mesh-systemer eller mærker, da de fleste mesh-løsninger kan tilsluttes til Hipers udstyr – enten via LAN-porten eller ved at sætte routeren i bridge mode. 🏠</p><p>Det vigtigste er at følge opsætningsvejledningen fra dit mesh-system for at sikre korrekt installation.</p><p>Giv lyd hvis du har brug for mere hjælp til opsætning eller tilslutning 🙌</p>","0","[]","[]","2026-02-26 20:38:28"
"105","c4e9e2f6-5c2d-44a1-b8b3-f79c8f189db9","Support øvrige","","4","user","Anbefaler I bestemte mesh-systemer der virker godt med jeres udstyr?","0","[]","[]","2026-02-26 20:38:28"
"66","c84c7e2f-224d-4be4-a92d-fe9d19ecce2d","Support øvrige","","1","bot","Det kan godt skyldes, at du sidder bag CGNAT, da det kan påvirke visse funktioner. Hvis du har brug for en offentlig IP-adresse (fx til NAT Type 2), kræver det manuel hjælp. Jeg sætter dig i forbindelse med en kollega, som kan hjælpe dig videre.","1","[]","[]","2026-02-26 20:37:35"
"65","c84c7e2f-224d-4be4-a92d-fe9d19ecce2d","Support øvrige","","1","user","Hej jeg sidder og laver nat. Jeg kan ikke få det til at virke. Er det fordi jeg sidder bag et CGNAT.","0","[]","[]","2026-02-26 20:37:35"
"56","d4312790-e56a-4210-9378-75ead21ba8fb","Support øvrige","","1","bot","<p>Hvis din DynDNS-udbyder ikke er på listen i din router, er der heldigvis nogle muligheder:</p><ul><li>Du kan bruge din egen router, som ofte har flere muligheder for DynDNS-konfiguration.</li><li>Du kan sætte Hiper-routeren i <a href=""https://www.hiper.dk/hjaelp/internet-og-wifi/opsaetning-og-guides/bridge-mode"">bridge mode</a> og tilslutte din egen router.</li><li>Hvis du har fiber, skal din router understøtte <a href=""https://www.hiper.dk/hjaelp/internet-og-wifi/opsaetning-og-guides/vlan-tagging"">VLAN-tagging</a> (VLAN-101).</li></ul><p>Giv lyd hvis du har brug for hjælp til opsætning af eget udstyr eller har andre spørgsmål </p>","0","[""https://www.hiper.dk/hjaelp/internet-og-wifi/opsaetning-og-guides/bridge-mode"",""https://www.hiper.dk/hjaelp/internet-og-wifi/opsaetning-og-guides/vlan-tagging""]","[]","2026-02-26 20:37:20"
"55","d4312790-e56a-4210-9378-75ead21ba8fb","Support øvrige","","1","user","Hvordan kan jeg opsætte DynDNS til en udbyder der ikke er i routeren?","0","[]","[]","2026-02-26 20:37:20"
"72","d4312790-e56a-4210-9378-75ead21ba8fb","Support øvrige","","2","bot","<p>Bridge mode betyder, at Hiper-routeren ikke længere fungerer som en traditionel router, men i stedet videresender internetforbindelsen direkte til dit eget udstyr eller mesh-system.</p><ul><li>Fordel: Du undgår såkaldt double NAT og får bedre ydeevne, især hvis du bruger eget mesh- eller router-setup.</li><li>Ulempe: Når bridge mode er aktiveret, kan du ikke længere bruge Hiper-routerens wifi eller administrere netværket via dens interface.</li></ul><p>Du kan finde mere information og guide til opsætning her: <a href=""https://www.hiper.dk/hjaelp/internet-og-wifi/opsaetning-og-guides/bridge-mode"">Bridge mode</a> </p><p>Skriv tilbage hvis du har flere spørgsmål </p>","0","[""https://www.hiper.dk/hjaelp/internet-og-wifi/opsaetning-og-guides/bridge-mode""]","[]","2026-02-26 20:37:42"
"71","d4312790-e56a-4210-9378-75ead21ba8fb","Support øvrige","","2","user","Hvad er bridge mode præcist, og hvad mister jeg ved at aktivere det?","0","[]","[]","2026-02-26 20:37:42"
"86","d4312790-e56a-4210-9378-75ead21ba8fb","Support øvrige","","3","bot","<p>Her er hvad vi ved om DynDNS i Hiper-routere: Der er desværre ikke info i vores vejledninger om, hvilke DynDNS-udbydere der evt. understøttes som standard.<br><br>Hvis du har brug for DynDNS, anbefaler vi at bruge din egen router bag Hiper-routeren – for eksempel via <a href=""https://www.hiper.dk/hjaelp/internet-og-wifi/opsaetning-og-guides/bridge-mode"">bridge mode</a>.<br><br>Giv lyd hvis du vil høre mere om mulighederne </p>","0","[""https://www.hiper.dk/hjaelp/internet-og-wifi/opsaetning-og-guides/bridge-mode""]","[]","2026-02-26 20:38:03"
"85","d4312790-e56a-4210-9378-75ead21ba8fb","Support øvrige","","3","user","Understøtter Hipers router nogen DynDNS-udbydere som standard?","0","[]","[]","2026-02-26 20:38:03"
"94","d4312790-e56a-4210-9378-75ead21ba8fb","Support øvrige","","4","bot","Du er nu sat i kø til en af vores medarbejdere. Vi besvarer din henvendelse, så snart den næste er ledig. Tak for din tålmodighed 😊","1","[]","[]","2026-02-26 20:38:11"
"93","d4312790-e56a-4210-9378-75ead21ba8fb","Support øvrige","","4","user","Kan jeg få en statisk IP-adresse i stedet for DynDNS?","0","[]","[]","2026-02-26 20:38:11"
"198","013f2cf3-e5ef-42f4-8371-99968b76dc47","Udstyr","","1","bot","ERROR: srcdoc frame ikke fundet","0","[]","[]","2026-02-26 20:40:03"
"197","013f2cf3-e5ef-42f4-8371-99968b76dc47","Udstyr","","1","user","Hvornår kommer min router?","0","[]","[]","2026-02-26 20:40:03"
"214","7cfe1788-cca9-4520-a2bd-e222630cea4f","Udstyr","","1","bot","<p>Routeren bliver sendt til en PostNord pakkeshop eller pakkeboks i nærheden af din adresse. Den bliver sendt senest 10 dage før din onlinedato. Når routeren er på vej, får du en mail med et forsendelsesnummer, så du kan følge pakken og se præcis, hvor den bliver leveret. Du får også en SMS, når pakken er ankommet. 📦</p><p>Giv lyd hvis du har flere spørgsmål 🖖</p>","0","[]","[]","2026-02-26 20:40:24"
"213","7cfe1788-cca9-4520-a2bd-e222630cea4f","Udstyr","","1","user","Hvor bliver min router sendt til?","0","[]","[]","2026-02-26 20:40:24"
"220","7cfe1788-cca9-4520-a2bd-e222630cea4f","Udstyr","","2","bot","<p>Det er desværre ikke muligt at ændre leveringsadressen til din hjemmeadresse. Routeren bliver altid sendt til en PostNord pakkeshop eller pakkeboks tæt på din adresse 📦</p><p>Giv lyd hvis du har andre spørgsmål 🖖</p>","0","[]","[]","2026-02-26 20:40:37"
"219","7cfe1788-cca9-4520-a2bd-e222630cea4f","Udstyr","","2","user","Kan jeg ændre leveringsadressen til min hjemmeadresse?","0","[]","[]","2026-02-26 20:40:37"
"228","7cfe1788-cca9-4520-a2bd-e222630cea4f","Udstyr","","3","bot","<p>Hvis din routerpakke bliver sendt retur, fordi du ikke nåede at hente den, har vi desværre ikke specifik information om den præcise proces bagefter. Jeg kan hjælpe dig videre ved at sætte dig i kontakt med en kollega, som kan hjælpe dig med næste skridt 📨</p><p>Sig til, hvis du ønsker at blive sat i forbindelse med en kollega ✅</p>","1","[]","[]","2026-02-26 20:40:51"
"227","7cfe1788-cca9-4520-a2bd-e222630cea4f","Udstyr","","3","user","Hvad sker der hvis pakken sendes retur, fordi jeg ikke nåede at hente den?","0","[]","[]","2026-02-26 20:40:51"
"212","8188d1c6-f83a-4bc3-be64-09ffe0dacd80","Udstyr","","1","bot","<p>Som udgangspunkt sender vi ikke et returlabel, når du skal returnere din router. Du skal derfor selv købe et returlabel hos et fragtfirma, fx PostNord. 📦</p><p>I nogle tilfælde sender vi et returlabel, fx hvis vi har udskiftet en defekt router, du har skiftet produkt, eller hvis det er aftalt i et særtilfælde.</p><p>Giv lyd hvis du har flere spørgsmål 🖖</p>","0","[]","[]","2026-02-26 20:40:24"
"211","8188d1c6-f83a-4bc3-be64-09ffe0dacd80","Udstyr","","1","user","Sender i returlabel til router?","0","[]","[]","2026-02-26 20:40:24"
"222","8188d1c6-f83a-4bc3-be64-09ffe0dacd80","Udstyr","","2","bot","<p>Du skal sende din router og eventuelt andet udstyr med omdeling til følgende adresse:</p><p>Hiper A/S<br>C/o: MatKon<br>Måløv Byvej 229<br>2760 Måløv</p><p>Husk at vælge levering til døren (ikke pakkeshop) 📦 og gem din kvittering med Track&Trace.</p><p>Giv lyd hvis du har andre spørgsmål 🖖</p>","0","[]","[]","2026-02-26 20:40:37"
"221","8188d1c6-f83a-4bc3-be64-09ffe0dacd80","Udstyr","","2","user","Hvad er adressen jeg skal sende routeren til?","0","[]","[]","2026-02-26 20:40:37"
"226","8188d1c6-f83a-4bc3-be64-09ffe0dacd80","Udstyr","","3","bot","<p>Hvis du ikke får sendt routeren retur, vil du først modtage en mail med et rykkergebyr på 99 kr., når returfristen er overskredet. Herefter har du 7 dage mere til at sende udstyret. Hvis vi stadig ikke modtager det, skal du betale et gebyr på 599 kr. for ikke-returneret udstyr. 📝</p><p>Giv lyd hvis du har flere spørgsmål 🖖</p>","0","[]","[]","2026-02-26 20:40:50"
"225","8188d1c6-f83a-4bc3-be64-09ffe0dacd80","Udstyr","","3","user","Hvad sker der hvis jeg ikke returnerer routeren? Hvad er gebyret?","0","[]","[]","2026-02-26 20:40:50"
"230","8188d1c6-f83a-4bc3-be64-09ffe0dacd80","Udstyr","","4","bot","<p>Du har 34 dage til at returnere routeren og andet udstyr, regnet fra den dag dit internet lukker. Du får besked på mail med den præcise dato, så du ved hvornår udstyret senest skal være modtaget hos os. 📝</p><p>Giv lyd hvis du har flere spørgsmål 🖖</p>","0","[]","[]","2026-02-26 20:41:03"
"229","8188d1c6-f83a-4bc3-be64-09ffe0dacd80","Udstyr","","4","user","Inden for hvilken frist skal routeren være returneret?","0","[]","[]","2026-02-26 20:41:03"
"188","dcb26ea9-56af-497c-aa40-427ad14a2969","Udstyr","","1","bot","ERROR: srcdoc frame ikke fundet","0","[]","[]","2026-02-26 20:39:56"
"187","dcb26ea9-56af-497c-aa40-427ad14a2969","Udstyr","","1","user","Jeg skal sende 3 routere tilbage men har kun 2","0","[]","[]","2026-02-26 20:39:56"
"200","f4fae2d6-3740-494e-99af-69e9a3dbbd29","Udstyr","","1","bot","ERROR: srcdoc frame ikke fundet","0","[]","[]","2026-02-26 20:40:04"
"199","f4fae2d6-3740-494e-99af-69e9a3dbbd29","Udstyr","","1","user","Hvordan sender jeg jeres router tilbage?","0","[]","[]","2026-02-26 20:40:04"
"102","610e1148-b375-4af3-bbe9-9117b84f14c6","Ustabil","","1","bot","<p>Øv, det er træls! Lad os kigge på det 🛠️</p>
<p>For at hjælpe dig bedst muligt, har jeg lige brug for lidt ekstra info:</p>
<ul>
  <li>Hvilken type internet har du hos os? (fiber, kabel-tv/coax eller 5G mobilt bredbånd)</li>
  <li>Oplever du det på alle enheder og både via kabel og Wi-Fi?</li>
  <li>Har du prøvet en hastighedstest – og hvis ja, hvordan målte du?</li>
</ul>
<p>Så snart jeg har de svar, guider jeg dig videre. Giv lyd hvis det stadig driller 🙌</p>","0","[]","[]","2026-02-26 20:38:23"
"101","610e1148-b375-4af3-bbe9-9117b84f14c6","Ustabil","","1","user","Mit internet er langsomt","0","[]","[]","2026-02-26 20:38:23"
"116","610e1148-b375-4af3-bbe9-9117b84f14c6","Ustabil","","2","bot","<p>Perfekt, tak for info! For at vi kan finde fejlen på din fiberforbindelse, vil jeg gerne høre lidt mere:</p><ul><li>Måler du hastigheden via Wi-Fi eller med kabel? Wi-Fi giver typisk 200-400 Mbit, mens fuld hastighed kræver kablet LAN-forbindelse.</li><li>Bruger du et CAT5e-kabel eller bedre?</li><li>Understøtter dit netværkskort 1000 Mbit?</li><li>Er der flere enheder online under målingen?</li><li>Bruger du VPN, antivirus eller firewall?</li></ul><p>Giv besked på de her punkter, så hjælper jeg dig videre 👍</p>","0","[]","[]","2026-02-26 20:38:37"
"115","610e1148-b375-4af3-bbe9-9117b84f14c6","Ustabil","","2","user","Fiber. Hvad er næste skridt?","0","[]","[]","2026-02-26 20:38:37"
"128","610e1148-b375-4af3-bbe9-9117b84f14c6","Ustabil","","3","bot","<p>Øv, så må vi lige tage næste skridt 🛠️</p><p>Du kan fejlmelde din fiberforbindelse via <a href=""https://www.hiper.dk/mit-hiper/"">Mit Hiper</a>, så kigger vi nærmere på problemet.</p><p>Skriv tilbage hvis det stadig driller 🙌</p>","0","[""https://www.hiper.dk/mit-hiper/""]","[]","2026-02-26 20:38:51"
"127","610e1148-b375-4af3-bbe9-9117b84f14c6","Ustabil","","3","user","Jeg har genstartet routeren og fiberboksen men det hjalp ikke","0","[]","[]","2026-02-26 20:38:51"
"140","610e1148-b375-4af3-bbe9-9117b84f14c6","Ustabil","","4","bot","<p>Det kan hjælpe meget, hvis du kan fortælle, om dit internet er langsomt hele tiden, eller om det kun sker på bestemte tidspunkter på dagen 🧐</p><p>Giv gerne lidt flere detaljer, så kan vi nemmere finde årsagen!</p>","0","[]","[]","2026-02-26 20:39:04"
"139","610e1148-b375-4af3-bbe9-9117b84f14c6","Ustabil","","4","user","Hvornår er det langsomt? Er det konstant eller på bestemte tidspunkter?","0","[]","[]","2026-02-26 20:39:04"
"88","85873495-91e9-45c1-a8c9-53b8e6245bdc","Ustabil","","1","bot","<p>Her er hvad jeg kan hjælpe med: Jeg har desværre ikke adgang til live information om lokale netværksproblemer, så jeg kan ikke bekræfte, om der er aktuelle driftsforstyrrelser i Herning. Du kan dog altid tjekke for kendte problemer på <a href=""https://drift.hiper.dk"">driftsiden</a> 📨</p><p>For at hjælpe dig bedst muligt, må du meget gerne fortælle mig, om du har fiber, coax eller mobilt bredbånd hos Hiper? Så kan jeg guide dig videre med fejlsøgning af streamingproblemet.</p><p>Giv lyd hvis det stadig driller 👍</p>","0","[""https://drift.hiper.dk""]","[]","2026-02-26 20:38:06"
"87","85873495-91e9-45c1-a8c9-53b8e6245bdc","Ustabil","","1","user","Er der problemer med nettet omkring Herning? Jeg prøver og se fodbold via streaming, men det fungerer ikke","0","[]","[]","2026-02-26 20:38:06"
"110","85873495-91e9-45c1-a8c9-53b8e6245bdc","Ustabil","","2","bot","<p>Øv, det er træls! Lad os kigge på det 🛠️</p><p>Det kan skyldes flere ting, når streaming hakker eller stopper på fiber, mens almindelig surfing ikke påvirkes. Typisk handler det enten om wifi-forbindelsen eller routerens indstillinger:</p><ul><li>Genstart routeren ved at holde en spids genstand inde i hullet bagpå routeren markeret med ""Reset"".</li><li>Sørg for, at dit tv eller streaming-enhed er forbundet til den rigtige wifi-frekvens: <ul><li>5 GHz giver høj hastighed, men virker bedst indenfor ca. 5 meter.</li><li>2.4 GHz rækker længere (op til ca. 10 meter), men har lavere hastighed.</li></ul></li><li>Hvis streaming stadig driller, kan du prøve at låse wifi-kanalen i routerens admin-panel (192.168.1.1 eller fiber.hiper.dk) – vælg fx kanal 1, 6 eller 11 for 2.4 GHz.</li></ul><p>Disse trin kan ofte gøre streaming mere stabil. Giv lyd hvis det stadig driller 👍</p>","0","[]","[]","2026-02-26 20:38:32"
"109","85873495-91e9-45c1-a8c9-53b8e6245bdc","Ustabil","","2","user","Fiber. Og det sker altid ved streaming, aldrig når jeg surfer normalt. Hvad kan det skyldes?","0","[]","[]","2026-02-26 20:38:32"
"126","85873495-91e9-45c1-a8c9-53b8e6245bdc","Ustabil","","3","bot","<p>Ja, du kan altid tjekke den aktuelle driftstatus for dit område på <a href=""https://drift.hiper.dk"">driftsiden</a> 📝</p><p>Giv lyd hvis du har brug for mere hjælp 👍</p>","0","[""https://drift.hiper.dk""]","[]","2026-02-26 20:38:49"
"125","85873495-91e9-45c1-a8c9-53b8e6245bdc","Ustabil","","3","user","Er der et sted jeg selv kan tjekke driftstatus for mit område?","0","[]","[]","2026-02-26 20:38:49"
"142","85873495-91e9-45c1-a8c9-53b8e6245bdc","Ustabil","","4","bot","<p>Det er desværre ikke muligt at prioritere din forbindelse eller give særligt fortrin til streaming hos Hiper. Din fiberforbindelse leverer samme høje kvalitet til al trafik, så der kan ikke laves prioritering af bestemte tjenester.</p><p>Hvis du stadig oplever problemer med streaming, kan vi sagtens kigge nærmere på det sammen eller sende dig videre til en teknisk kollega, hvis det er nødvendigt 👍</p><p>Giv lyd hvis du ønsker mere hjælp eller fejlsøgning 🛠️</p>","1","[]","[]","2026-02-26 20:39:05"
"141","85873495-91e9-45c1-a8c9-53b8e6245bdc","Ustabil","","4","user","Kan I prioritere min forbindelse, så streaming fungerer bedre?","0","[]","[]","2026-02-26 20:39:05"
"80","be24cf34-316c-4ffc-b302-ca289d60abad","Ustabil","","1","bot","<p>Øv, det lyder træls! For at jeg kan hjælpe dig bedst muligt, vil jeg gerne lige vide hvilken type internet du har hos Hiper:</p><ul><li>Fiber</li><li>Kabel-tv (coax)</li><li>Mobilt bredbånd (5G)</li></ul><p>Kan du fortælle mig, hvilken teknologi du bruger? Så guider jeg dig videre med de rigtige trin 🛠️</p><p>Giv lyd hvis det stadig driller 🙌</p>","0","[]","[]","2026-02-26 20:37:57"
"79","be24cf34-316c-4ffc-b302-ca289d60abad","Ustabil","","1","user","Vi oplever store problemer med forbindelsen i aften","0","[]","[]","2026-02-26 20:37:57"
"98","be24cf34-316c-4ffc-b302-ca289d60abad","Ustabil","","2","bot","<p>Øv, det er træls! Lad os kigge på det 🛠️</p><ul><li>Tjek wifi-signalstyrke i <a href=""https://www.hiper.dk/mit-hiper/"">Mit Hiper</a> under Internet → Wifi-indstillinger    og -oversigt.</li><li>Genstart routeren ved at tage strømmen fra den i 20 sekunder og tænd den igen.</li><li>Nulstil routeren – hold reset-knappen inde i 15-20 sekunder.</li><li>Genstart de enheder hvor forbindelsen er dårlig.</li><li>Placér routeren centralt, højt og væk fra forstyrrelser.</li><li>Brug både 2,4 og 5 GHz netværk – se mere om forskellen <a href=""https://www.hiper.dk/hjaelp/internet-og-wifi/andet-viden/forskel-paa-signal-frekvenser"">her</a>.</li><li>Hvis du bruger egen router, så test med Hiper-routeren.</li><li>Tjek at netværkskablet sidder korrekt: i routerens blå WAN-port og fiberboksens aktive LAN-port.</li><li>Tjek at fiberboksen har strøm og nulstil den (hold reset-hullet i bunden inde i 20 sekunder).</li><li>Tjek <a href=""https://drift.hiper.dk"">driftsiden</a> for eventuelle aktuelle problemer.</li></ul><p>Hvis det stadig ikke virker, kan du fejlmelde din forbindelse i <a href=""https://www.hiper.dk/mit-hiper/"">Mit Hiper</a>.</p><p>Skriv tilbage hvis det ikke løser det 🙌</p>","0","[""https://www.hiper.dk/mit-hiper/"",""https://www.hiper.dk/hjaelp/internet-og-wifi/andet-viden/forskel-paa-signal-frekvenser"",""https://drift.hiper.dk""]","[]","2026-02-26 20:38:20"
"97","be24cf34-316c-4ffc-b302-ca289d60abad","Ustabil","","2","user","Vi har fiber. Hvad skal vi tjekke?","0","[]","[]","2026-02-26 20:38:20"
"114","be24cf34-316c-4ffc-b302-ca289d60abad","Ustabil","","3","bot","<p>Her er hvad vi ved om det: Fibernet er lavet til at levere høj hastighed og stabilitet – også når mange er online på samme tid. Derfor burde du ikke opleve problemer på grund af spidsbelastning i tidsrummet 18-20 🛠️</p><p>Hvis udfordringerne fortsætter, kan du fejlmelde det via <a href=""https://www.hiper.dk/mit-hiper/"">Mit Hiper</a>, så vi kan undersøge det nærmere.</p><p>Giv lyd hvis det stadig driller 🙌</p>","0","[""https://www.hiper.dk/mit-hiper/""]","[]","2026-02-26 20:38:37"
"113","be24cf34-316c-4ffc-b302-ca289d60abad","Ustabil","","3","user","Det sker altid klokken 18-20. Er det fordi mange er online på samme tid?","0","[]","[]","2026-02-26 20:38:37"
"130","be24cf34-316c-4ffc-b302-ca289d60abad","Ustabil","","4","bot","<p>Hiper tilbyder ikke en garanti for oppetid (SLA) på private internetabonnementer. Hvis du oplever længerevarende eller gentagne nedbrud, kan kompensation dog vurderes individuelt.</p><p>Jeg sender dig videre til en kollega, som kan vurdere muligheden for kompensation.</p>","1","[]","[]","2026-02-26 20:38:54"
"129","be24cf34-316c-4ffc-b302-ca289d60abad","Ustabil","","4","user","Hvad er jeres SLA på oppetid, og giver I kompensation ved nedbrud?","0","[]","[]","2026-02-26 20:38:53"
"96","d2a067e6-288a-4d7f-849f-634e5d5096ee","Ustabil","","1","bot","Det lyder virkelig frustrerende, at dit internet er så dårligt. For at give dig den bedst mulige hjælp, sender jeg dig videre til en kollega, der kan kigge nærmere på sagen og hjælpe dig direkte.","1","[]","[]","2026-02-26 20:38:13"
"95","d2a067e6-288a-4d7f-849f-634e5d5096ee","Ustabil","","1","user","Mit internet er pisse dårligt altså","0","[]","[]","2026-02-26 20:38:13"
"90","d4672e71-b7c4-410f-a523-998a0f3d5897","Ustabil","","1","bot","<p>Øv, det er træls! Lad os kigge på det 🛠️</p><p>Kan du fortælle, om sopretter bruger fiber, kabel-tv (coax) eller mobilt bredbånd (5G) fra Hiper? Så kan jeg guide dig bedst muligt.</p><p>Giv lyd hvis det stadig driller 🙌</p>","0","[]","[]","2026-02-26 20:38:07"
"89","d4672e71-b7c4-410f-a523-998a0f3d5897","Ustabil","","1","user","Jeg har meget dårlig forbindelse, hvad sker der ?","0","[]","[]","2026-02-26 20:38:07"
"104","d4672e71-b7c4-410f-a523-998a0f3d5897","Ustabil","","2","bot","<p>Øv, det er træls! Lad os få styr på det 🛠️</p><ul><li>Tjek wifi-signalstyrken i <a href=""https://www.hiper.dk/mit-hiper/"">Mit Hiper</a> under Internet → Wifi-indstillinger og -oversigt.</li><li>Genstart routeren ved at tage strømmen fra den i 20 sekunder og sæt den til igen.</li><li>Nulstil routeren ved at holde reset-knappen inde i 15-20 sekunder (vær opmærksom på at ændringer nulstilles).</li><li>Genstart de enheder, hvor forbindelsen er ustabil.</li><li>Placér routeren centralt, højt og væk fra forstyrrelser.</li><li>Brug både 2,4 og 5 GHz wifi – læs mere om forskellen <a href=""https://www.hiper.dk/hjaelp/internet-og-wifi/forskel-paa-signal-frekvenser"">her</a>.</li><li>Hvis du bruger egen router, så test også med Hiper-routeren.</li><li>Tjek om der er driftsproblemer i dit område på <a href=""https://drift.hiper.dk"">driftsiden</a>.</li></ul><p>Hvis det stadig ikke virker, kan du fejlmelde dit internet i <a href=""https://www.hiper.dk/mit-hiper/"">Mit Hiper</a>.</p><p>Giv lyd hvis det stadig driller 🙌</p>","0","[""https://www.hiper.dk/mit-hiper/"",""https://www.hiper.dk/hjaelp/internet-og-wifi/forskel-paa-signal-frekvenser"",""https://drift.hiper.dk""]","[""https://www.hiper.dk/hjaelp/internet-og-wifi/forskel-paa-signal-frekvenser""]","2026-02-26 20:38:27"
"103","d4672e71-b7c4-410f-a523-998a0f3d5897","Ustabil","","2","user","Jeg har fiber. Hvad skal jeg konkret gøre?","0","[]","[]","2026-02-26 20:38:27"
"120","d4672e71-b7c4-410f-a523-998a0f3d5897","Ustabil","","3","bot","<p>Her er hvad vi ved om fibernet: Det skal normalt ikke blive dårligere om aftenen, selvom der er flere brugere online. Hvis din forbindelse kun driller på bestemte tidspunkter, kan der godt være et underliggende problem 🧑‍🔧</p><p>Prøv gerne standard fejlsøgning, og hvis det ikke hjælper, kan du fejlmelde problemet via <a href=""https://www.hiper.dk/mit-hiper/"">Mit Hiper</a>, så vores teknikere kan undersøge det nærmere.</p><p>Skriv tilbage hvis det ikke løser det 🙌</p>","0","[""https://www.hiper.dk/mit-hiper/""]","[]","2026-02-26 20:38:44"
"119","d4672e71-b7c4-410f-a523-998a0f3d5897","Ustabil","","3","user","Problemet er kun om aftenen. Er det normal belastning, eller er der et underliggende problem?","0","[]","[]","2026-02-26 20:38:44"
"136","d4672e71-b7c4-410f-a523-998a0f3d5897","Ustabil","","4","bot","<p>Jeg har desværre ikke mulighed for at tjekke linjens statistik eller se fejl fra vores side. Hvis du oplever vedvarende problemer, kan du fejlmelde det via <a href=""https://www.hiper.dk/mit-hiper/"">Mit Hiper</a>, så vores teknikere kan undersøge forbindelsen nærmere 🧑‍🔧</p><p>Giv lyd hvis det stadig driller 🙌</p>","0","[""https://www.hiper.dk/mit-hiper/""]","[]","2026-02-26 20:39:00"
"135","d4672e71-b7c4-410f-a523-998a0f3d5897","Ustabil","","4","user","Kan I se på linjens statistik om der er fejl fra jeres side?","0","[]","[]","2026-02-26 20:39:00"
"10","2f4a42ed-9776-403a-838b-5e2c98bda1f7","Øvrige","","1","bot","Hvis du vil overtage betalingen for dit internet, skal din arbejdsgiver sende en mail til kundeservice@hiper.dk med dit navn og adresse og bekræfte, at betalingen skal overgå til dig. Så sørger vi for at ændre det ✅

Giv lyd hvis du har flere spørgsmål 👐","0","[]","[]","2026-02-26 20:36:26"
"9","2f4a42ed-9776-403a-838b-5e2c98bda1f7","Øvrige","","1","user","Mit internet er arbejdsgiver betalt kan jeg skifte til at betale selv","0","[]","[]","2026-02-26 20:36:26"
"24","2f4a42ed-9776-403a-838b-5e2c98bda1f7","Øvrige","","2","bot","Det er desværre ikke muligt at overtage betalingen selv, uden at din arbejdsgiver er involveret. Din arbejdsgiver skal sende en mail til kundeservice@hiper.dk med dit navn og adresse og bekræfte, at betalingen skal overgå til dig. Først derefter kan vi ændre betalingsforholdet ✅

Skriv endelig tilbage, hvis du har flere spørgsmål 👐","0","[]","[]","2026-02-26 20:36:43"
"23","2f4a42ed-9776-403a-838b-5e2c98bda1f7","Øvrige","","2","user","Kan jeg ikke bare overtage betalingen selv, uden at involvere min arbejdsgiver?","0","[]","[]","2026-02-26 20:36:43"
"42","2f4a42ed-9776-403a-838b-5e2c98bda1f7","Øvrige","","3","bot","Det kommer an på det specifikke abonnement og eventuelle aftaler, der er lavet gennem din arbejdsgiver. For at få helt præcis information om prisen, sender jeg dig videre til en kollega, der kan hjælpe dig videre med det 📝","1","[]","[]","2026-02-26 20:37:03"
"41","2f4a42ed-9776-403a-838b-5e2c98bda1f7","Øvrige","","3","user","Ændres prisen når jeg overtager betalingen fra min arbejdsgiver?","0","[]","[]","2026-02-26 20:37:03"
"6","6808c5f6-93db-45e4-bee2-7e1ee8a95feb","Øvrige","","1","bot","Øv, det er træls! Du burde normalt kunne ændre din email under 'Profil' i <a href=""https://www.hiper.dk/mit-hiper/"">Mit Hiper</a> 🧩

Der kan være noget specifikt ved din konto, som kræver manuel hjælp. Jeg sætter dig derfor i forbindelse med en kollega, som kan hjælpe dig videre.","1","[""https://www.hiper.dk/mit-hiper/""]","[]","2026-02-26 20:36:22"
"5","6808c5f6-93db-45e4-bee2-7e1ee8a95feb","Øvrige","","1","user","jeg kan ikke ændre min email","0","[]","[]","2026-02-26 20:36:22"
"4","70715cb3-fdc4-4d5c-b809-0b9260ca8d7a","Øvrige","","1","bot","Du er nu sat i kø til en af vores medarbejdere. Vi besvarer din henvendelse, så snart den næste er ledig. Tak for din tålmodighed 😊","1","[]","[]","2026-02-26 20:36:15"
"3","70715cb3-fdc4-4d5c-b809-0b9260ca8d7a","Øvrige","","1","user","kan jeg skifte fra bredbånd til 5g?","0","[]","[]","2026-02-26 20:36:15"
"8","ad167ba3-2e23-4793-9b8c-5b17e0a8d9d7","Øvrige","","1","bot","<p>Du kan nemt opdatere dit telefonnummer i <a href=""https://www.hiper.dk/mit-hiper/"">Mit Hiper</a>. Når du er logget ind, kan du ændre dine oplysninger under 'Profil' 👍</p><p>Giv lyd hvis det stadig driller 👐</p>","0","[""https://www.hiper.dk/mit-hiper/""]","[]","2026-02-26 20:36:22"
"7","ad167ba3-2e23-4793-9b8c-5b17e0a8d9d7","Øvrige","","1","user","Jeg har fået nyt telefonnummer","0","[]","[]","2026-02-26 20:36:22"
"20","ad167ba3-2e23-4793-9b8c-5b17e0a8d9d7","Øvrige","","2","bot","<p>Du finder profilsiden i <a href=""https://www.hiper.dk/mit-hiper/"">Mit Hiper</a> ved at logge ind og vælge fanen ""Profil"". Her kan du ændre dit telefonnummer og andre oplysninger 👍</p><p>Skriv tilbage hvis det ikke løser det 👐</p>","0","[""https://www.hiper.dk/mit-hiper/""]","[]","2026-02-26 20:36:36"
"19","ad167ba3-2e23-4793-9b8c-5b17e0a8d9d7","Øvrige","","2","user","Jeg kan ikke finde profil-siden i Mit Hiper. Hvor er den henne?","0","[]","[]","2026-02-26 20:36:36"
"32","ad167ba3-2e23-4793-9b8c-5b17e0a8d9d7","Øvrige","","3","bot","<p>Dit telefonnummer bruges kun, hvis vi har brug for at komme hurtigt i kontakt med dig om dit abonnement, fx ved leveringer eller vigtige beskeder 📞 Det er derfor en god idé at holde det opdateret.</p><p>Sig til hvis du har brug for hjælp til at ændre det 👍</p>","0","[]","[]","2026-02-26 20:36:50"
"31","ad167ba3-2e23-4793-9b8c-5b17e0a8d9d7","Øvrige","","3","user","Er det vigtigt at mit telefonnummer er opdateret? Hvad bruges det til?","0","[]","[]","2026-02-26 20:36:50"
"44","ad167ba3-2e23-4793-9b8c-5b17e0a8d9d7","Øvrige","","4","bot","Jeg sætter dig i forbindelse med en kollega, som kan hjælpe med at opdatere dit telefonnummer for dig.","1","[]","[]","2026-02-26 20:37:03"
"43","ad167ba3-2e23-4793-9b8c-5b17e0a8d9d7","Øvrige","","4","user","Kan I opdatere det for mig, hvis jeg sender jer det?","0","[]","[]","2026-02-26 20:37:03"